event_id,class_id,fund_id,ex_date,record_date,payable_date,declaration_date,currency,gross_amount,distribution_type,estimated_or_final,version,is_superseded,superseded_by,extraction_route,created_at,updated_at
evt_US_VANGUARD_VTI_2024-12-23_final_v1,US_VANGUARD_VTI_CLASS,US_VANGUARD_VTI,2024-12-23,2024-12-23,2024-12-26,,USD,0.932800,Income,FINAL,1,False,,HTML_TABLE,2026-09-23 17:29:36.825702,2026-09-23 17:29:36.825706
evt_US_VANGUARD_VTI_2024-09-27_final_v1,US_VANGUARD_VTI_CLASS,US_VANGUARD_VTI,2024-09-27,2024-09-27,2024-10-01,,USD,0.887200,Income,FINAL,1,False,,HTML_TABLE,2026-09-23 17:29:36.833362,2026-09-23 17:29:36.833364
evt_US_VANGUARD_VTI_2024-06-28_final_v1,US_VANGUARD_VTI_CLASS,US_VANGUARD_VTI,2024-06-28,2024-06-28,2024-07-02,,USD,0.859000,Income,FINAL,1,False,,HTML_TABLE,2026-09-23 17:29:36.834458,2026-09-23 17:29:36.834459
evt_US_VANGUARD_VTI_2024-03-22_final_v1,US_VANGUARD_VTI_CLASS,US_VANGUARD_VTI,2024-03-22,2024-03-25,2024-03-27,,USD,0.916800,Income,FINAL,1,False,,HTML_TABLE,2026-09-23 17:29:36.835452,2026-09-23 17:29:36.835453
evt_US_VANGUARD_VOO_2024-12-23_final_v1,US_VANGUARD_VOO_CLASS,US_VANGUARD_VOO,2024-12-23,2024-12-23,2024-12-26,,USD,1.738500,Income,FINAL,1,False,,HTML_TABLE,2026-09-23 17:29:36.836436,2026-09-23 17:29:36.836437
evt_US_VANGUARD_VOO_2024-09-27_final_v1,US_VANGUARD_VOO_CLASS,US_VANGUARD_VOO,2024-09-27,2024-09-27,2024-10-01,,USD,1.638600,Income,FINAL,1,False,,HTML_TABLE,2026-09-23 17:29:36.837976,2026-09-23 17:29:36.837978
evt_US_VANGUARD_VOO_2024-06-28_final_v1,US_VANGUARD_VOO_CLASS,US_VANGUARD_VOO,2024-06-28,2024-06-28,2024-07-02,,USD,1.783500,Income,FINAL,1,False,,HTML_TABLE,2026-09-23 17:29:36.839456,2026-09-23 17:29:36.839457
evt_US_VANGUARD_VOO_2024-03-22_final_v1,US_VANGUARD_VOO_CLASS,US_VANGUARD_VOO,2024-03-22,2024-03-25,2024-03-27,,USD,1.542900,Income,FINAL,1,False,,HTML_TABLE,2026-09-23 17:29:36.840630,2026-09-23 17:29:36.840632
evt_US_VANGUARD_BND_2024-12-02_final_v1,US_VANGUARD_BND_CLASS,US_VANGUARD_BND,2024-12-02,2024-12-02,2024-12-04,,USD,0.231200,Income,FINAL,1,False,,HTML_TABLE,2026-09-23 17:29:36.841714,2026-09-23 17:29:36.841715
evt_US_VANGUARD_BND_2024-11-01_final_v1,US_VANGUARD_BND_CLASS,US_VANGUARD_BND,2024-11-01,2024-11-01,2024-11-05,,USD,0.230700,Income,FINAL,1,False,,HTML_TABLE,2026-09-23 17:29:36.842937,2026-09-23 17:29:36.842939
evt_US_VANGUARD_BND_2024-10-01_final_v1,US_VANGUARD_BND_CLASS,US_VANGUARD_BND,2024-10-01,2024-10-01,2024-10-03,,USD,0.232300,Income,FINAL,1,False,,HTML_TABLE,2026-09-23 17:29:36.844186,2026-09-23 17:29:36.844187
evt_US_VANGUARD_BND_2024-09-03_final_v1,US_VANGUARD_BND_CLASS,US_VANGUARD_BND,2024-09-03,2024-09-03,2024-09-05,,USD,0.229400,Income,FINAL,1,False,,HTML_TABLE,2026-09-23 17:29:36.845510,2026-09-23 17:29:36.845511
evt_US_ISHARES_IVV_2024-12-16_final_v1,US_ISHARES_IVV_CLASS,US_ISHARES_IVV,2024-12-16,2024-12-16,2024-12-19,,USD,2.146500,Income,FINAL,1,False,,HTML_TABLE,2026-09-23 17:29:36.846944,2026-09-23 17:29:36.846946
evt_US_ISHARES_IVV_2024-09-23_final_v1,US_ISHARES_IVV_CLASS,US_ISHARES_IVV,2024-09-23,2024-09-23,2024-09-26,,USD,1.996100,Income,FINAL,1,False,,HTML_TABLE,2026-09-23 17:29:36.849050,2026-09-23 17:29:36.849051
evt_US_ISHARES_IVV_2024-06-21_final_v1,US_ISHARES_IVV_CLASS,US_ISHARES_IVV,2024-06-21,2024-06-21,2024-06-26,,USD,2.145000,Income,FINAL,1,False,,HTML_TABLE,2026-09-23 17:29:36.850168,2026-09-23 17:29:36.850170
evt_US_ISHARES_IVV_2024-03-21_final_v1,US_ISHARES_IVV_CLASS,US_ISHARES_IVV,2024-03-21,2024-03-22,2024-03-27,,USD,1.854000,Income,FINAL,1,False,,HTML_TABLE,2026-09-23 17:29:36.852149,2026-09-23 17:29:36.852151
evt_US_ISHARES_AGG_2024-12-02_final_v1,US_ISHARES_AGG_CLASS,US_ISHARES_AGG,2024-12-02,2024-12-02,2024-12-05,,USD,0.347500,Income,FINAL,1,False,,HTML_TABLE,2026-09-23 17:29:36.853574,2026-09-23 17:29:36.853575
evt_US_ISHARES_AGG_2024-11-01_final_v1,US_ISHARES_AGG_CLASS,US_ISHARES_AGG,2024-11-01,2024-11-01,2024-11-06,,USD,0.348600,Income,FINAL,1,False,,HTML_TABLE,2026-09-23 17:29:36.854839,2026-09-23 17:29:36.854841
evt_US_ISHARES_AGG_2024-10-01_final_v1,US_ISHARES_AGG_CLASS,US_ISHARES_AGG,2024-10-01,2024-10-01,2024-10-04,,USD,0.352400,Income,FINAL,1,False,,HTML_TABLE,2026-09-23 17:29:36.855888,2026-09-23 17:29:36.855889
evt_US_FIDELITY_FZROX_2024-12-13_final_v1,US_FIDELITY_FZROX_CLASS,US_FIDELITY_FZROX,2024-12-13,2024-12-13,2024-12-16,,USD,0.245000,Income / Capital Gain,FINAL,1,False,,HTML_TABLE,2026-09-23 17:29:36.856869,2026-09-23 17:29:36.856871
evt_US_FIDELITY_FZROX_2023-12-15_final_v1,US_FIDELITY_FZROX_CLASS,US_FIDELITY_FZROX,2023-12-15,2023-12-15,2023-12-18,,USD,0.219000,Income,FINAL,1,False,,HTML_TABLE,2026-09-23 17:29:36.858170,2026-09-23 17:29:36.858171
evt_US_FIDELITY_FNCMX_2024-12-13_final_v1,US_FIDELITY_FNCMX_CLASS,US_FIDELITY_FNCMX,2024-12-13,2024-12-13,2024-12-16,,USD,1.921000,Income,FINAL,1,False,,HTML_TABLE,2026-09-23 17:29:36.859183,2026-09-23 17:29:36.859185
evt_US_SCHWAB_SCHD_2024-12-11_final_v1,US_SCHWAB_SCHD_CLASS,US_SCHWAB_SCHD,2024-12-11,2024-12-11,2024-12-16,,USD,0.803500,Income,FINAL,1,False,,HTML_TABLE,2026-09-23 17:29:36.860317,2026-09-23 17:29:36.860319
evt_US_SCHWAB_SCHD_2024-09-25_final_v1,US_SCHWAB_SCHD_CLASS,US_SCHWAB_SCHD,2024-09-25,2024-09-25,2024-09-30,,USD,0.754500,Income,FINAL,1,False,,HTML_TABLE,2026-09-23 17:29:36.861696,2026-09-23 17:29:36.861698
evt_US_SCHWAB_SCHD_2024-06-26_final_v1,US_SCHWAB_SCHD_CLASS,US_SCHWAB_SCHD,2024-06-26,2024-06-26,2024-07-01,,USD,0.824100,Income,FINAL,1,False,,HTML_TABLE,2026-09-23 17:29:36.862776,2026-09-23 17:29:36.862778
evt_US_SCHWAB_SCHD_2024-03-20_final_v1,US_SCHWAB_SCHD_CLASS,US_SCHWAB_SCHD,2024-03-20,2024-03-20,2024-03-25,,USD,0.611000,Income,FINAL,1,False,,HTML_TABLE,2026-09-23 17:29:36.864219,2026-09-23 17:29:36.864221
evt_US_SCHWAB_SWPPX_2024-12-11_final_v1,US_SCHWAB_SWPPX_CLASS,US_SCHWAB_SWPPX,2024-12-11,2024-12-11,2024-12-12,,USD,1.156000,Income,FINAL,1,False,,HTML_TABLE,2026-09-23 17:29:36.865723,2026-09-23 17:29:36.865725
evt_US_INVESCO_QQQ_2024-12-23_final_v1,US_INVESCO_QQQ_CLASS,US_INVESCO_QQQ,2024-12-23,2024-12-23,2024-12-31,,USD,0.778800,Income,FINAL,1,False,,HTML_TABLE,2026-09-23 17:29:36.867122,2026-09-23 17:29:36.867124
evt_US_INVESCO_QQQ_2024-09-23_final_v1,US_INVESCO_QQQ_CLASS,US_INVESCO_QQQ,2024-09-23,2024-09-23,2024-09-30,,USD,0.697500,Income,FINAL,1,False,,HTML_TABLE,2026-09-23 17:29:36.868322,2026-09-23 17:29:36.868323
evt_US_INVESCO_QQQ_2024-06-24_final_v1,US_INVESCO_QQQ_CLASS,US_INVESCO_QQQ,2024-06-24,2024-06-24,2024-07-31,,USD,0.685300,Income,FINAL,1,False,,HTML_TABLE,2026-09-23 17:29:36.869262,2026-09-23 17:29:36.869263
evt_US_INVESCO_QQQ_2024-03-22_final_v1,US_INVESCO_QQQ_CLASS,US_INVESCO_QQQ,2024-03-22,2024-03-25,2024-04-30,,USD,0.729000,Income,FINAL,1,False,,HTML_TABLE,2026-09-23 17:29:36.870167,2026-09-23 17:29:36.870169
evt_US_PIMCO_BOND_2024-12-02_final_v1,US_PIMCO_BOND_CLASS,US_PIMCO_BOND,2024-12-02,2024-12-02,2024-12-04,,USD,0.395000,Income,FINAL,1,False,,HTML_TABLE,2026-09-23 17:29:36.871170,2026-09-23 17:29:36.871172
evt_US_PIMCO_BOND_2024-11-01_final_v1,US_PIMCO_BOND_CLASS,US_PIMCO_BOND,2024-11-01,2024-11-01,2024-11-05,,USD,0.395000,Income,FINAL,1,False,,HTML_TABLE,2026-09-23 17:29:36.873049,2026-09-23 17:29:36.873051
evt_US_PIMCO_MINT_2024-12-02_final_v1,US_PIMCO_MINT_CLASS,US_PIMCO_MINT,2024-12-02,2024-12-02,2024-12-04,,USD,0.450000,Income,FINAL,1,False,,HTML_TABLE,2026-09-23 17:29:36.874475,2026-09-23 17:29:36.874477
evt_CA_BMO_ZCN_2024-12-30_final_v1,CA_BMO_ZCN_CLASS,CA_BMO_ZCN,2024-12-30,2024-12-31,2025-01-06,2024-12-18,CAD,0.230000,Income,FINAL,1,False,,HTML_TABLE,2026-09-23 17:29:36.876258,2026-09-23 17:29:36.876260
evt_CA_BMO_ZCN_2024-09-27_final_v1,CA_BMO_ZCN_CLASS,CA_BMO_ZCN,2024-09-27,2024-09-30,2024-10-03,2024-09-18,CAD,0.220000,Income,FINAL,1,False,,HTML_TABLE,2026-09-23 17:29:36.877527,2026-09-23 17:29:36.877528
evt_CA_BMO_ZCN_2024-06-26_final_v1,CA_BMO_ZCN_CLASS,CA_BMO_ZCN,2024-06-26,2024-06-27,2024-07-03,2024-06-18,CAD,0.220000,Income,FINAL,1,False,,HTML_TABLE,2026-09-23 17:29:36.878559,2026-09-23 17:29:36.878560
evt_CA_BMO_ZCN_2024-03-27_final_v1,CA_BMO_ZCN_CLASS,CA_BMO_ZCN,2024-03-27,2024-03-28,2024-04-03,2024-03-18,CAD,0.210000,Income,FINAL,1,False,,HTML_TABLE,2026-09-23 17:29:36.879638,2026-09-23 17:29:36.879639
evt_CA_BMO_ZAG_2024-12-30_final_v1,CA_BMO_ZAG_CLASS,CA_BMO_ZAG,2024-12-30,2024-12-31,2025-01-06,2024-12-18,CAD,0.045000,Income,FINAL,1,False,,HTML_TABLE,2026-09-23 17:29:36.880665,2026-09-23 17:29:36.880667
evt_CA_BMO_ZAG_2024-11-27_final_v1,CA_BMO_ZAG_CLASS,CA_BMO_ZAG,2024-11-27,2024-11-28,2024-12-03,2024-11-18,CAD,0.045000,Income,FINAL,1,False,,HTML_TABLE,2026-09-23 17:29:36.881910,2026-09-23 17:29:36.881911
evt_CA_BMO_ZEB_2024-12-30_final_v1,CA_BMO_ZEB_CLASS,CA_BMO_ZEB,2024-12-30,2024-12-31,2025-01-06,2024-12-18,CAD,0.140000,Income,FINAL,1,False,,HTML_TABLE,2026-09-23 17:29:36.882850,2026-09-23 17:29:36.882851
evt_CA_BMO_ZWB_2024-12-30_final_v1,CA_BMO_ZWB_CLASS,CA_BMO_ZWB,2024-12-30,2024-12-31,2025-01-06,2024-12-18,CAD,0.120000,Income,FINAL,1,False,,HTML_TABLE,2026-09-23 17:29:36.884034,2026-09-23 17:29:36.884036
evt_CA_BMO_ZUT_2024-12-30_final_v1,CA_BMO_ZUT_CLASS,CA_BMO_ZUT,2024-12-30,2024-12-31,2025-01-06,2024-12-18,CAD,0.075000,Income,FINAL,1,False,,HTML_TABLE,2026-09-23 17:29:36.885290,2026-09-23 17:29:36.885292
evt_CA_BMO_ZDV_2024-12-30_final_v1,CA_BMO_ZDV_CLASS,CA_BMO_ZDV,2024-12-30,2024-12-31,2025-01-06,2024-12-18,CAD,0.070000,Income,FINAL,1,False,,HTML_TABLE,2026-09-23 17:29:36.886973,2026-09-23 17:29:36.886974
evt_CA_BMO_ZDB_2024-12-30_final_v1,CA_BMO_ZDB_CLASS,CA_BMO_ZDB,2024-12-30,2024-12-31,2025-01-06,2024-12-18,CAD,0.040000,Income,FINAL,1,False,,HTML_TABLE,2026-09-23 17:29:36.888326,2026-09-23 17:29:36.888327
evt_CA_BMO_ZPR_2024-12-30_final_v1,CA_BMO_ZPR_CLASS,CA_BMO_ZPR,2024-12-30,2024-12-31,2025-01-06,2024-12-18,CAD,0.053000,Income,FINAL,1,False,,HTML_TABLE,2026-09-23 17:29:36.889553,2026-09-23 17:29:36.889554
evt_CA_VANGUARD_VCN_2024-12-27_final_v1,CA_VANGUARD_VCN_CLASS,CA_VANGUARD_VCN,2024-12-27,2024-12-30,2025-01-08,2024-12-19,CAD,0.347800,Income,FINAL,1,False,,HTML_TABLE,2026-09-23 17:29:36.890752,2026-09-23 17:29:36.890753
evt_CA_VANGUARD_VCN_2024-09-24_final_v1,CA_VANGUARD_VCN_CLASS,CA_VANGUARD_VCN,2024-09-24,2024-09-24,2024-10-01,2024-09-17,CAD,0.320400,Income,FINAL,1,False,,HTML_TABLE,2026-09-23 17:29:36.892502,2026-09-23 17:29:36.892505
evt_CA_VANGUARD_VCN_2024-06-25_final_v1,CA_VANGUARD_VCN_CLASS,CA_VANGUARD_VCN,2024-06-25,2024-06-25,2024-07-03,2024-06-18,CAD,0.315000,Income,FINAL,1,False,,HTML_TABLE,2026-09-23 17:29:36.893974,2026-09-23 17:29:36.893976
evt_CA_VANGUARD_VCN_2024-03-22_final_v1,CA_VANGUARD_VCN_CLASS,CA_VANGUARD_VCN,2024-03-22,2024-03-25,2024-04-02,2024-03-15,CAD,0.298500,Income,FINAL,1,False,,HTML_TABLE,2026-09-23 17:29:36.895213,2026-09-23 17:29:36.895214
evt_CA_VANGUARD_VAB_2024-12-27_final_v1,CA_VANGUARD_VAB_CLASS,CA_VANGUARD_VAB,2024-12-27,2024-12-30,2025-01-08,2024-12-19,CAD,0.066400,Income,FINAL,1,False,,HTML_TABLE,2026-09-23 17:29:36.896317,2026-09-23 17:29:36.896318
evt_CA_VANGUARD_VDY_2024-12-27_final_v1,CA_VANGUARD_VDY_CLASS,CA_VANGUARD_VDY,2024-12-27,2024-12-30,2025-01-08,2024-12-19,CAD,0.174200,Income,FINAL,1,False,,HTML_TABLE,2026-09-23 17:29:36.897512,2026-09-23 17:29:36.897513
evt_CA_VANGUARD_VFV_2024-12-27_final_v1,CA_VANGUARD_VFV_CLASS,CA_VANGUARD_VFV,2024-12-27,2024-12-30,2025-01-08,2024-12-19,CAD,0.449600,Income,FINAL,1,False,,HTML_TABLE,2026-09-23 17:29:36.899019,2026-09-23 17:29:36.899023
evt_CA_VANGUARD_VSB_2024-12-27_final_v1,CA_VANGUARD_VSB_CLASS,CA_VANGUARD_VSB,2024-12-27,2024-12-30,2025-01-08,2024-12-19,CAD,0.057300,Income,FINAL,1,False,,HTML_TABLE,2026-09-23 17:29:36.900573,2026-09-23 17:29:36.900575
evt_CA_VANGUARD_VBAL_2024-12-27_final_v1,CA_VANGUARD_VBAL_CLASS,CA_VANGUARD_VBAL,2024-12-27,2024-12-30,2025-01-08,2024-12-19,CAD,0.235100,Income,FINAL,1,False,,HTML_TABLE,2026-09-23 17:29:36.902041,2026-09-23 17:29:36.902043
evt_CA_VANGUARD_VGRO_2024-12-27_final_v1,CA_VANGUARD_VGRO_CLASS,CA_VANGUARD_VGRO,2024-12-27,2024-12-30,2025-01-08,2024-12-19,CAD,0.279800,Income,FINAL,1,False,,HTML_TABLE,2026-09-23 17:29:36.903307,2026-09-23 17:29:36.903308
evt_CA_ISHARES_XIC_2024-12-30_final_v1,CA_ISHARES_XIC_CLASS,CA_ISHARES_XIC,2024-12-30,2024-12-31,2025-01-06,2024-12-19,CAD,0.263000,Income,FINAL,1,False,,HTML_TABLE,2026-09-23 17:29:36.904540,2026-09-23 17:29:36.904541
evt_CA_ISHARES_XIC_2024-09-24_final_v1,CA_ISHARES_XIC_CLASS,CA_ISHARES_XIC,2024-09-24,2024-09-24,2024-09-30,2024-09-17,CAD,0.252000,Income,FINAL,1,False,,HTML_TABLE,2026-09-23 17:29:36.906317,2026-09-23 17:29:36.906320
evt_CA_ISHARES_XIC_2024-06-25_final_v1,CA_ISHARES_XIC_CLASS,CA_ISHARES_XIC,2024-06-25,2024-06-25,2024-06-28,2024-06-18,CAD,0.248000,Income,FINAL,1,False,,HTML_TABLE,2026-09-23 17:29:36.907761,2026-09-23 17:29:36.907763
evt_CA_ISHARES_XIC_2024-03-25_final_v1,CA_ISHARES_XIC_CLASS,CA_ISHARES_XIC,2024-03-25,2024-03-26,2024-03-28,2024-03-18,CAD,0.231000,Income,FINAL,1,False,,HTML_TABLE,2026-09-23 17:29:36.909551,2026-09-23 17:29:36.909553
evt_CA_ISHARES_XBB_2024-12-30_final_v1,CA_ISHARES_XBB_CLASS,CA_ISHARES_XBB,2024-12-30,2024-12-31,2025-01-06,2024-12-19,CAD,0.078000,Income,FINAL,1,False,,HTML_TABLE,2026-09-23 17:29:36.911109,2026-09-23 17:29:36.911111
evt_CA_ISHARES_XEI_2024-12-30_final_v1,CA_ISHARES_XEI_CLASS,CA_ISHARES_XEI,2024-12-30,2024-12-31,2025-01-06,2024-12-19,CAD,0.109000,Income,FINAL,1,False,,HTML_TABLE,2026-09-23 17:29:36.912719,2026-09-23 17:29:36.912722
evt_CA_ISHARES_XDV_2024-12-30_final_v1,CA_ISHARES_XDV_CLASS,CA_ISHARES_XDV,2024-12-30,2024-12-31,2025-01-06,2024-12-19,CAD,0.134000,Income,FINAL,1,False,,HTML_TABLE,2026-09-23 17:29:36.914521,2026-09-23 17:29:36.914524
evt_CA_ISHARES_XUT_2024-12-30_final_v1,CA_ISHARES_XUT_CLASS,CA_ISHARES_XUT,2024-12-30,2024-12-31,2025-01-06,2024-12-19,CAD,0.088000,Income,FINAL,1,False,,HTML_TABLE,2026-09-23 17:29:36.915768,2026-09-23 17:29:36.915769
evt_CA_ISHARES_XSB_2024-12-30_final_v1,CA_ISHARES_XSB_CLASS,CA_ISHARES_XSB,2024-12-30,2024-12-31,2025-01-06,2024-12-19,CAD,0.072000,Income,FINAL,1,False,,HTML_TABLE,2026-09-23 17:29:36.916983,2026-09-23 17:29:36.916984
evt_CA_ISHARES_XSH_2024-12-30_final_v1,CA_ISHARES_XSH_CLASS,CA_ISHARES_XSH,2024-12-30,2024-12-31,2025-01-06,2024-12-19,CAD,0.061000,Income,FINAL,1,False,,HTML_TABLE,2026-09-23 17:29:36.918106,2026-09-23 17:29:36.918108
evt_CA_ISHARES_XHY_2024-12-30_final_v1,CA_ISHARES_XHY_CLASS,CA_ISHARES_XHY,2024-12-30,2024-12-31,2025-01-06,2024-12-19,CAD,0.098000,Income,FINAL,1,False,,HTML_TABLE,2026-09-23 17:29:36.919342,2026-09-23 17:29:36.919344
evt_CA_TD_TTP_2024-12-30_final_v1,CA_TD_TTP_CLASS,CA_TD_TTP,2024-12-30,2024-12-31,2025-01-07,2024-12-18,CAD,0.211000,Income,FINAL,1,False,,HTML_TABLE,2026-09-23 17:29:36.920845,2026-09-23 17:29:36.920847
evt_CA_TD_TPU_2024-12-30_final_v1,CA_TD_TPU_CLASS,CA_TD_TPU,2024-12-30,2024-12-31,2025-01-07,2024-12-18,CAD,0.184000,Income,FINAL,1,False,,HTML_TABLE,2026-09-23 17:29:36.922286,2026-09-23 17:29:36.922289
evt_CA_GLOBALX_HDIV_2024-12-30_final_v1,CA_GLOBALX_HDIV_CLASS,CA_GLOBALX_HDIV,2024-12-30,2024-12-31,2025-01-08,2024-12-19,CAD,0.130000,Income,FINAL,1,False,,HTML_TABLE,2026-09-23 17:29:36.923705,2026-09-23 17:29:36.923707
evt_CA_CI_FIE_2024-12-20_final_v1,CA_CI_FIE_CLASS,CA_CI_FIE,2024-12-20,2024-12-23,2024-12-31,2024-12-12,CAD,0.040000,Income,FINAL,1,False,,HTML_TABLE,2026-09-23 17:29:36.925000,2026-09-23 17:29:36.925002
evt_CA_CI_CDZ_2024-12-20_final_v1,CA_CI_CDZ_CLASS,CA_CI_CDZ,2024-12-20,2024-12-23,2024-12-31,2024-12-12,CAD,0.126000,Income,FINAL,1,False,,HTML_TABLE,2026-09-23 17:29:36.926228,2026-09-23 17:29:36.926229
