component_id,event_id,component_type,component_name,amount,percentage,is_tax_reallocated,created_at
evt_US_SPDR_SPTM_CLASS_2024-12-23_income_final_v1_c1,evt_US_SPDR_SPTM_CLASS_2024-12-23_income_final_v1,ORDINARY_INCOME,Ordinary Income,0.248856,,0,2026-09-25 18:43:51.629335
evt_US_SPDR_SPTM_CLASS_2025-03-24_income_final_v1_c1,evt_US_SPDR_SPTM_CLASS_2025-03-24_income_final_v1,ORDINARY_INCOME,Ordinary Income,0.220778,,0,2026-09-25 18:44:26.801024
evt_US_SPDR_SPTM_CLASS_2025-06-23_income_final_v1_c1,evt_US_SPDR_SPTM_CLASS_2025-06-23_income_final_v1,ORDINARY_INCOME,Ordinary Income,0.232998,,0,2026-09-25 18:44:54.365633
evt_US_SPDR_SPTM_CLASS_2025-09-22_income_final_v1_c1,evt_US_SPDR_SPTM_CLASS_2025-09-22_income_final_v1,ORDINARY_INCOME,Ordinary Income,0.23495,,0,2026-09-25 18:45:44.462804
evt_US_SPDR_SPTM_CLASS_2025-12-22_income_final_v1_c1,evt_US_SPDR_SPTM_CLASS_2025-12-22_income_final_v1,ORDINARY_INCOME,Ordinary Income,0.245312,,0,2026-09-25 18:45:52.789256
evt_US_SPDR_SPTM_CLASS_2026-03-23_income_final_v1_c1,evt_US_SPDR_SPTM_CLASS_2026-03-23_income_final_v1,ORDINARY_INCOME,Ordinary Income,0.235464,,0,2026-09-25 18:46:01.640760
evt_US_SPDR_SPTM_CLASS_2026-06-22_income_final_v1_c1,evt_US_SPDR_SPTM_CLASS_2026-06-22_income_final_v1,ORDINARY_INCOME,Ordinary Income,0.249838,,0,2026-09-25 18:46:15.825493
evt_US_SPDR_SPTM_CLASS_2026-09-21_income_final_v1_c1,evt_US_SPDR_SPTM_CLASS_2026-09-21_income_final_v1,ORDINARY_INCOME,Ordinary Income,0.250235,,0,2026-09-25 18:46:24.002873
evt_US_SPDR_SPYD_CLASS_2024-12-20_income_final_v1_c1,evt_US_SPDR_SPYD_CLASS_2024-12-20_income_final_v1,ORDINARY_INCOME,Ordinary Income,0.546774,,0,2026-09-25 18:46:48.816769
evt_US_SPDR_SPYD_CLASS_2025-03-24_income_final_v1_c1,evt_US_SPDR_SPYD_CLASS_2025-03-24_income_final_v1,ORDINARY_INCOME,Ordinary Income,0.418901,,0,2026-09-25 18:46:56.321245
evt_US_SPDR_SPYD_CLASS_2025-06-23_income_final_v1_c1,evt_US_SPDR_SPYD_CLASS_2025-06-23_income_final_v1,ORDINARY_INCOME,Ordinary Income,0.500042,,0,2026-09-25 18:47:09.267995
evt_US_SPDR_SPYD_CLASS_2025-09-22_income_final_v1_c1,evt_US_SPDR_SPYD_CLASS_2025-09-22_income_final_v1,ORDINARY_INCOME,Ordinary Income,0.488758,,0,2026-09-25 18:47:18.022142
evt_US_SPDR_SPYD_CLASS_2025-12-22_income_final_v1_c1,evt_US_SPDR_SPYD_CLASS_2025-12-22_income_final_v1,ORDINARY_INCOME,Ordinary Income,0.549335,,0,2026-09-25 18:47:24.989304
evt_US_SPDR_SPYD_CLASS_2026-03-23_income_final_v1_c1,evt_US_SPDR_SPYD_CLASS_2026-03-23_income_final_v1,ORDINARY_INCOME,Ordinary Income,0.44998,,0,2026-09-25 18:47:33.798063
evt_US_SPDR_SPYD_CLASS_2026-06-22_income_final_v1_c1,evt_US_SPDR_SPYD_CLASS_2026-06-22_income_final_v1,ORDINARY_INCOME,Ordinary Income,0.542849,,0,2026-09-25 18:47:41.326748
evt_US_SPDR_SPYD_CLASS_2026-09-21_income_final_v1_c1,evt_US_SPDR_SPYD_CLASS_2026-09-21_income_final_v1,ORDINARY_INCOME,Ordinary Income,0.517794,,0,2026-09-25 18:47:48.777015
evt_US_SPDR_SPAB_CLASS_2024-10-01_income_final_v1_c1,evt_US_SPDR_SPAB_CLASS_2024-10-01_income_final_v1,ORDINARY_INCOME,Ordinary Income,0.081492,,0,2026-09-25 18:48:04.251583
evt_US_SPDR_SPAB_CLASS_2024-11-01_income_final_v1_c1,evt_US_SPDR_SPAB_CLASS_2024-11-01_income_final_v1,ORDINARY_INCOME,Ordinary Income,0.082965,,0,2026-09-25 18:48:11.613006
evt_US_SPDR_SPAB_CLASS_2024-12-19_income_final_v1_c1,evt_US_SPDR_SPAB_CLASS_2024-12-19_income_final_v1,ORDINARY_INCOME,Ordinary Income,0.079507,,0,2026-09-25 18:48:13.513137
evt_US_SPDR_SPAB_CLASS_2024-12-02_income_final_v1_c1,evt_US_SPDR_SPAB_CLASS_2024-12-02_income_final_v1,ORDINARY_INCOME,Ordinary Income,0.081685,,0,2026-09-25 18:48:13.515059
evt_US_SPDR_SPAB_CLASS_2025-02-03_income_final_v1_c1,evt_US_SPDR_SPAB_CLASS_2025-02-03_income_final_v1,ORDINARY_INCOME,Ordinary Income,0.088041,,0,2026-09-25 18:48:18.729072
evt_US_SPDR_SPAB_CLASS_2025-03-03_income_final_v1_c1,evt_US_SPDR_SPAB_CLASS_2025-03-03_income_final_v1,ORDINARY_INCOME,Ordinary Income,0.080255,,0,2026-09-25 18:48:20.574209
evt_US_SPDR_SPAB_CLASS_2025-04-01_income_final_v1_c1,evt_US_SPDR_SPAB_CLASS_2025-04-01_income_final_v1,ORDINARY_INCOME,Ordinary Income,0.084,,0,2026-09-25 18:48:23.408316
evt_US_SPDR_SPAB_CLASS_2025-05-01_income_final_v1_c1,evt_US_SPDR_SPAB_CLASS_2025-05-01_income_final_v1,ORDINARY_INCOME,Ordinary Income,0.083653,,0,2026-09-25 18:48:28.595835
evt_US_SPDR_SPAB_CLASS_2025-06-02_income_final_v1_c1,evt_US_SPDR_SPAB_CLASS_2025-06-02_income_final_v1,ORDINARY_INCOME,Ordinary Income,0.085437,,0,2026-09-25 18:48:33.895010
evt_US_SPDR_SPAB_CLASS_2025-07-01_income_final_v1_c1,evt_US_SPDR_SPAB_CLASS_2025-07-01_income_final_v1,ORDINARY_INCOME,Ordinary Income,0.084336,,0,2026-09-25 18:48:35.762370
evt_US_SPDR_SPAB_CLASS_2025-08-01_income_final_v1_c1,evt_US_SPDR_SPAB_CLASS_2025-08-01_income_final_v1,ORDINARY_INCOME,Ordinary Income,0.085597,,0,2026-09-25 18:48:37.643507
evt_US_SPDR_SPAB_CLASS_2025-09-02_income_final_v1_c1,evt_US_SPDR_SPAB_CLASS_2025-09-02_income_final_v1,ORDINARY_INCOME,Ordinary Income,0.085605,,0,2026-09-25 18:48:43.201363
evt_US_SPDR_SPAB_CLASS_2025-10-01_income_final_v1_c1,evt_US_SPDR_SPAB_CLASS_2025-10-01_income_final_v1,ORDINARY_INCOME,Ordinary Income,0.084129,,0,2026-09-25 18:48:46.082187
evt_US_SPDR_SPAB_CLASS_2025-11-03_income_final_v1_c1,evt_US_SPDR_SPAB_CLASS_2025-11-03_income_final_v1,ORDINARY_INCOME,Ordinary Income,0.085917,,0,2026-09-25 18:48:49.020073
evt_US_SPDR_SPAB_CLASS_2025-12-18_income_final_v1_c1,evt_US_SPDR_SPAB_CLASS_2025-12-18_income_final_v1,ORDINARY_INCOME,Ordinary Income,0.091098,,0,2026-09-25 18:48:50.878589
evt_US_SPDR_SPAB_CLASS_2025-12-01_income_final_v1_c1,evt_US_SPDR_SPAB_CLASS_2025-12-01_income_final_v1,ORDINARY_INCOME,Ordinary Income,0.084987,,0,2026-09-25 18:48:50.881692
evt_US_SPDR_SPAB_CLASS_2026-02-02_income_final_v1_c1,evt_US_SPDR_SPAB_CLASS_2026-02-02_income_final_v1,ORDINARY_INCOME,Ordinary Income,0.081982,,0,2026-09-25 18:48:58.864130
evt_US_SPDR_SPAB_CLASS_2026-03-02_income_final_v1_c1,evt_US_SPDR_SPAB_CLASS_2026-03-02_income_final_v1,ORDINARY_INCOME,Ordinary Income,0.083151,,0,2026-09-25 18:49:00.719276
evt_US_SPDR_SPAB_CLASS_2026-04-01_income_final_v1_c1,evt_US_SPDR_SPAB_CLASS_2026-04-01_income_final_v1,ORDINARY_INCOME,Ordinary Income,0.087542,,0,2026-09-25 18:49:04.285851
evt_US_SPDR_SPAB_CLASS_2026-05-01_income_final_v1_c1,evt_US_SPDR_SPAB_CLASS_2026-05-01_income_final_v1,ORDINARY_INCOME,Ordinary Income,0.086386,,0,2026-09-25 18:49:06.170057
evt_US_SPDR_SPAB_CLASS_2026-06-01_income_final_v1_c1,evt_US_SPDR_SPAB_CLASS_2026-06-01_income_final_v1,ORDINARY_INCOME,Ordinary Income,0.087934,,0,2026-09-25 18:49:09.088323
evt_US_SPDR_SPAB_CLASS_2026-07-01_income_final_v1_c1,evt_US_SPDR_SPAB_CLASS_2026-07-01_income_final_v1,ORDINARY_INCOME,Ordinary Income,0.087484,,0,2026-09-25 18:49:10.975159
evt_US_SPDR_SPAB_CLASS_2026-08-03_income_final_v1_c1,evt_US_SPDR_SPAB_CLASS_2026-08-03_income_final_v1,ORDINARY_INCOME,Ordinary Income,0.088979,,0,2026-09-25 18:49:13.575367
evt_US_SPDR_SPAB_CLASS_2026-09-01_income_final_v1_c1,evt_US_SPDR_SPAB_CLASS_2026-09-01_income_final_v1,ORDINARY_INCOME,Ordinary Income,0.089306,,0,2026-09-25 18:49:16.228454
evt_US_SPDR_JNK_CLASS_2024-10-01_income_final_v1_c1,evt_US_SPDR_JNK_CLASS_2024-10-01_income_final_v1,ORDINARY_INCOME,Ordinary Income,0.527874,,0,2026-09-25 18:49:32.275190
evt_US_SPDR_JNK_CLASS_2024-11-01_income_final_v1_c1,evt_US_SPDR_JNK_CLASS_2024-11-01_income_final_v1,ORDINARY_INCOME,Ordinary Income,0.531467,,0,2026-09-25 18:49:38.670972
evt_US_SPDR_JNK_CLASS_2024-12-19_income_final_v1_c1,evt_US_SPDR_JNK_CLASS_2024-12-19_income_final_v1,ORDINARY_INCOME,Ordinary Income,0.520153,,0,2026-09-25 18:49:40.497599
evt_US_SPDR_JNK_CLASS_2024-12-02_income_final_v1_c1,evt_US_SPDR_JNK_CLASS_2024-12-02_income_final_v1,ORDINARY_INCOME,Ordinary Income,0.524406,,0,2026-09-25 18:49:40.500886
evt_US_SPDR_JNK_CLASS_2025-02-03_income_final_v1_c1,evt_US_SPDR_JNK_CLASS_2025-02-03_income_final_v1,ORDINARY_INCOME,Ordinary Income,0.535687,,0,2026-09-25 18:49:45.686086
evt_US_SPDR_JNK_CLASS_2025-03-03_income_final_v1_c1,evt_US_SPDR_JNK_CLASS_2025-03-03_income_final_v1,ORDINARY_INCOME,Ordinary Income,0.527957,,0,2026-09-25 18:49:47.680448
evt_US_SPDR_JNK_CLASS_2025-04-01_income_final_v1_c1,evt_US_SPDR_JNK_CLASS_2025-04-01_income_final_v1,ORDINARY_INCOME,Ordinary Income,0.532464,,0,2026-09-25 18:49:50.372658
evt_US_SPDR_JNK_CLASS_2025-05-01_income_final_v1_c1,evt_US_SPDR_JNK_CLASS_2025-05-01_income_final_v1,ORDINARY_INCOME,Ordinary Income,0.529054,,0,2026-09-25 18:49:55.763439
evt_US_SPDR_JNK_CLASS_2025-06-02_income_final_v1_c1,evt_US_SPDR_JNK_CLASS_2025-06-02_income_final_v1,ORDINARY_INCOME,Ordinary Income,0.535758,,0,2026-09-25 18:50:00.815627
evt_US_SPDR_JNK_CLASS_2025-07-01_income_final_v1_c1,evt_US_SPDR_JNK_CLASS_2025-07-01_income_final_v1,ORDINARY_INCOME,Ordinary Income,0.539546,,0,2026-09-25 18:50:02.678114
evt_US_SPDR_JNK_CLASS_2025-08-01_income_final_v1_c1,evt_US_SPDR_JNK_CLASS_2025-08-01_income_final_v1,ORDINARY_INCOME,Ordinary Income,0.539129,,0,2026-09-25 18:50:04.620741
evt_US_SPDR_JNK_CLASS_2025-09-02_income_final_v1_c1,evt_US_SPDR_JNK_CLASS_2025-09-02_income_final_v1,ORDINARY_INCOME,Ordinary Income,0.529384,,0,2026-09-25 18:50:09.845167
evt_US_SPDR_JNK_CLASS_2025-10-01_income_final_v1_c1,evt_US_SPDR_JNK_CLASS_2025-10-01_income_final_v1,ORDINARY_INCOME,Ordinary Income,0.537695,,0,2026-09-25 18:50:12.733205
evt_US_SPDR_JNK_CLASS_2025-11-03_income_final_v1_c1,evt_US_SPDR_JNK_CLASS_2025-11-03_income_final_v1,ORDINARY_INCOME,Ordinary Income,0.533377,,0,2026-09-25 18:50:15.504068
evt_US_SPDR_JNK_CLASS_2025-12-18_income_final_v1_c1,evt_US_SPDR_JNK_CLASS_2025-12-18_income_final_v1,ORDINARY_INCOME,Ordinary Income,0.490548,,0,2026-09-25 18:50:17.418059
evt_US_SPDR_JNK_CLASS_2025-12-01_income_final_v1_c1,evt_US_SPDR_JNK_CLASS_2025-12-01_income_final_v1,ORDINARY_INCOME,Ordinary Income,0.527894,,0,2026-09-25 18:50:17.421171
evt_US_SPDR_JNK_CLASS_2026-02-02_income_final_v1_c1,evt_US_SPDR_JNK_CLASS_2026-02-02_income_final_v1,ORDINARY_INCOME,Ordinary Income,0.560093,,0,2026-09-25 18:50:24.371868
evt_US_SPDR_JNK_CLASS_2026-03-02_income_final_v1_c1,evt_US_SPDR_JNK_CLASS_2026-03-02_income_final_v1,ORDINARY_INCOME,Ordinary Income,0.524572,,0,2026-09-25 18:50:26.212446
evt_US_SPDR_JNK_CLASS_2026-04-01_income_final_v1_c1,evt_US_SPDR_JNK_CLASS_2026-04-01_income_final_v1,ORDINARY_INCOME,Ordinary Income,0.524775,,0,2026-09-25 18:50:28.752344
evt_US_SPDR_JNK_CLASS_2026-05-01_income_final_v1_c1,evt_US_SPDR_JNK_CLASS_2026-05-01_income_final_v1,ORDINARY_INCOME,Ordinary Income,0.526935,,0,2026-09-25 18:50:30.650634
evt_US_SPDR_JNK_CLASS_2026-06-01_income_final_v1_c1,evt_US_SPDR_JNK_CLASS_2026-06-01_income_final_v1,ORDINARY_INCOME,Ordinary Income,0.523099,,0,2026-09-25 18:50:33.261729
evt_US_SPDR_JNK_CLASS_2026-07-01_income_final_v1_c1,evt_US_SPDR_JNK_CLASS_2026-07-01_income_final_v1,ORDINARY_INCOME,Ordinary Income,0.530783,,0,2026-09-25 18:50:35.141240
evt_US_SPDR_JNK_CLASS_2026-08-03_income_final_v1_c1,evt_US_SPDR_JNK_CLASS_2026-08-03_income_final_v1,ORDINARY_INCOME,Ordinary Income,0.527178,,0,2026-09-25 18:50:37.734670
evt_US_SPDR_JNK_CLASS_2026-09-01_income_final_v1_c1,evt_US_SPDR_JNK_CLASS_2026-09-01_income_final_v1,ORDINARY_INCOME,Ordinary Income,0.532295,,0,2026-09-25 18:50:40.843956
evt_US_SPDR_SJNK_CLASS_2024-10-01_income_final_v1_c1,evt_US_SPDR_SJNK_CLASS_2024-10-01_income_final_v1,ORDINARY_INCOME,Ordinary Income,0.157932,,0,2026-09-25 18:50:56.899604
evt_US_SPDR_SJNK_CLASS_2024-11-01_income_final_v1_c1,evt_US_SPDR_SJNK_CLASS_2024-11-01_income_final_v1,ORDINARY_INCOME,Ordinary Income,0.155773,,0,2026-09-25 18:51:03.664178
evt_US_SPDR_SJNK_CLASS_2024-12-19_income_final_v1_c1,evt_US_SPDR_SJNK_CLASS_2024-12-19_income_final_v1,ORDINARY_INCOME,Ordinary Income,0.159594,,0,2026-09-25 18:51:05.560474
evt_US_SPDR_SJNK_CLASS_2024-12-02_income_final_v1_c1,evt_US_SPDR_SJNK_CLASS_2024-12-02_income_final_v1,ORDINARY_INCOME,Ordinary Income,0.155215,,0,2026-09-25 18:51:05.563431
evt_US_SPDR_SJNK_CLASS_2025-02-03_income_final_v1_c1,evt_US_SPDR_SJNK_CLASS_2025-02-03_income_final_v1,ORDINARY_INCOME,Ordinary Income,0.151991,,0,2026-09-25 18:51:10.565225
evt_US_SPDR_SJNK_CLASS_2025-03-03_income_final_v1_c1,evt_US_SPDR_SJNK_CLASS_2025-03-03_income_final_v1,ORDINARY_INCOME,Ordinary Income,0.15205,,0,2026-09-25 18:51:12.447263
evt_US_SPDR_SJNK_CLASS_2025-04-01_income_final_v1_c1,evt_US_SPDR_SJNK_CLASS_2025-04-01_income_final_v1,ORDINARY_INCOME,Ordinary Income,0.158725,,0,2026-09-25 18:51:15.309806
evt_US_SPDR_SJNK_CLASS_2025-05-01_income_final_v1_c1,evt_US_SPDR_SJNK_CLASS_2025-05-01_income_final_v1,ORDINARY_INCOME,Ordinary Income,0.15483,,0,2026-09-25 18:51:20.470042
evt_US_SPDR_SJNK_CLASS_2025-06-02_income_final_v1_c1,evt_US_SPDR_SJNK_CLASS_2025-06-02_income_final_v1,ORDINARY_INCOME,Ordinary Income,0.15536,,0,2026-09-25 18:51:25.781555
evt_US_SPDR_SJNK_CLASS_2025-07-01_income_final_v1_c1,evt_US_SPDR_SJNK_CLASS_2025-07-01_income_final_v1,ORDINARY_INCOME,Ordinary Income,0.1484,,0,2026-09-25 18:51:28.068100
evt_US_SPDR_SJNK_CLASS_2025-08-01_income_final_v1_c1,evt_US_SPDR_SJNK_CLASS_2025-08-01_income_final_v1,ORDINARY_INCOME,Ordinary Income,0.152607,,0,2026-09-25 18:51:30.838271
evt_US_SPDR_SJNK_CLASS_2025-09-02_income_final_v1_c1,evt_US_SPDR_SJNK_CLASS_2025-09-02_income_final_v1,ORDINARY_INCOME,Ordinary Income,0.152376,,0,2026-09-25 18:51:47.186785
evt_US_SPDR_SJNK_CLASS_2025-10-01_income_final_v1_c1,evt_US_SPDR_SJNK_CLASS_2025-10-01_income_final_v1,ORDINARY_INCOME,Ordinary Income,0.145961,,0,2026-09-25 18:51:51.750852
evt_US_SPDR_SJNK_CLASS_2025-11-03_income_final_v1_c1,evt_US_SPDR_SJNK_CLASS_2025-11-03_income_final_v1,ORDINARY_INCOME,Ordinary Income,0.142305,,0,2026-09-25 18:52:01.677846
evt_US_SPDR_SJNK_CLASS_2025-12-18_income_final_v1_c1,evt_US_SPDR_SJNK_CLASS_2025-12-18_income_final_v1,ORDINARY_INCOME,Ordinary Income,0.144482,,0,2026-09-25 18:52:03.983082
evt_US_SPDR_SJNK_CLASS_2025-12-01_income_final_v1_c1,evt_US_SPDR_SJNK_CLASS_2025-12-01_income_final_v1,ORDINARY_INCOME,Ordinary Income,0.14377,,0,2026-09-25 18:52:03.986016
evt_US_SPDR_SJNK_CLASS_2026-02-02_income_final_v1_c1,evt_US_SPDR_SJNK_CLASS_2026-02-02_income_final_v1,ORDINARY_INCOME,Ordinary Income,0.13968,,0,2026-09-25 18:52:11.542083
evt_US_SPDR_SJNK_CLASS_2026-03-02_income_final_v1_c1,evt_US_SPDR_SJNK_CLASS_2026-03-02_income_final_v1,ORDINARY_INCOME,Ordinary Income,0.144011,,0,2026-09-25 18:52:13.403559
evt_US_SPDR_SJNK_CLASS_2026-04-01_income_final_v1_c1,evt_US_SPDR_SJNK_CLASS_2026-04-01_income_final_v1,ORDINARY_INCOME,Ordinary Income,0.151206,,0,2026-09-25 18:52:15.933243
evt_US_SPDR_SJNK_CLASS_2026-05-01_income_final_v1_c1,evt_US_SPDR_SJNK_CLASS_2026-05-01_income_final_v1,ORDINARY_INCOME,Ordinary Income,0.143382,,0,2026-09-25 18:52:18.017334
evt_US_SPDR_SJNK_CLASS_2026-06-01_income_final_v1_c1,evt_US_SPDR_SJNK_CLASS_2026-06-01_income_final_v1,ORDINARY_INCOME,Ordinary Income,0.142838,,0,2026-09-25 18:52:20.334228
evt_US_SPDR_SJNK_CLASS_2026-07-01_income_final_v1_c1,evt_US_SPDR_SJNK_CLASS_2026-07-01_income_final_v1,ORDINARY_INCOME,Ordinary Income,0.147179,,0,2026-09-25 18:52:22.246307
evt_US_SPDR_SJNK_CLASS_2026-08-03_income_final_v1_c1,evt_US_SPDR_SJNK_CLASS_2026-08-03_income_final_v1,ORDINARY_INCOME,Ordinary Income,0.142085,,0,2026-09-25 18:52:24.734527
evt_US_SPDR_SJNK_CLASS_2026-09-01_income_final_v1_c1,evt_US_SPDR_SJNK_CLASS_2026-09-01_income_final_v1,ORDINARY_INCOME,Ordinary Income,0.141949,,0,2026-09-25 18:52:27.519797
evt_US_SPDR_XLF_CLASS_2024-12-23_income_final_v1_c1,evt_US_SPDR_XLF_CLASS_2024-12-23_income_final_v1,ORDINARY_INCOME,Ordinary Income,0.206245,,0,2026-09-25 18:52:47.443855
evt_US_SPDR_XLF_CLASS_2025-03-24_income_final_v1_c1,evt_US_SPDR_XLF_CLASS_2025-03-24_income_final_v1,ORDINARY_INCOME,Ordinary Income,0.178776,,0,2026-09-25 18:53:09.342850
evt_US_SPDR_XLF_CLASS_2025-06-23_income_final_v1_c1,evt_US_SPDR_XLF_CLASS_2025-06-23_income_final_v1,ORDINARY_INCOME,Ordinary Income,0.172105,,0,2026-09-25 18:53:28.762979
evt_US_SPDR_XLF_CLASS_2025-09-22_income_final_v1_c1,evt_US_SPDR_XLF_CLASS_2025-09-22_income_final_v1,ORDINARY_INCOME,Ordinary Income,0.177993,,0,2026-09-25 18:54:48.389825
evt_US_SPDR_XLF_CLASS_2025-12-22_income_final_v1_c1,evt_US_SPDR_XLF_CLASS_2025-12-22_income_final_v1,ORDINARY_INCOME,Ordinary Income,0.190771,,0,2026-09-25 18:55:25.190926
evt_US_SPDR_XLF_CLASS_2026-03-23_income_final_v1_c1,evt_US_SPDR_XLF_CLASS_2026-03-23_income_final_v1,ORDINARY_INCOME,Ordinary Income,0.251492,,0,2026-09-25 18:55:33.240101
evt_US_SPDR_XLF_CLASS_2026-06-22_income_final_v1_c1,evt_US_SPDR_XLF_CLASS_2026-06-22_income_final_v1,ORDINARY_INCOME,Ordinary Income,0.187083,,0,2026-09-25 18:55:49.748797
evt_US_SPDR_XLF_CLASS_2026-09-21_income_final_v1_c1,evt_US_SPDR_XLF_CLASS_2026-09-21_income_final_v1,ORDINARY_INCOME,Ordinary Income,0.196537,,0,2026-09-25 18:55:55.280643
evt_US_SPDR_XLE_CLASS_2024-12-23_income_final_v1_c1,evt_US_SPDR_XLE_CLASS_2024-12-23_income_final_v1,ORDINARY_INCOME,Ordinary Income,0.699989,,0,2026-09-25 18:56:15.373896
evt_US_SPDR_XLE_CLASS_2025-03-24_income_final_v1_c1,evt_US_SPDR_XLE_CLASS_2025-03-24_income_final_v1,ORDINARY_INCOME,Ordinary Income,0.71633,,0,2026-09-25 18:56:22.652346
evt_US_SPDR_XLE_CLASS_2025-06-23_income_final_v1_c1,evt_US_SPDR_XLE_CLASS_2025-06-23_income_final_v1,ORDINARY_INCOME,Ordinary Income,0.718258,,0,2026-09-25 18:56:32.357626
evt_US_SPDR_XLE_CLASS_2025-09-22_income_final_v1_c1,evt_US_SPDR_XLE_CLASS_2025-09-22_income_final_v1,ORDINARY_INCOME,Ordinary Income,0.748731,,0,2026-09-25 18:56:42.300952
evt_US_SPDR_XLE_CLASS_2025-12-22_income_final_v1_c1,evt_US_SPDR_XLE_CLASS_2025-12-22_income_final_v1,ORDINARY_INCOME,Ordinary Income,0.373015,,0,2026-09-25 18:57:48.553020
evt_US_SPDR_XLE_CLASS_2026-03-23_income_final_v1_c1,evt_US_SPDR_XLE_CLASS_2026-03-23_income_final_v1,ORDINARY_INCOME,Ordinary Income,0.385178,,0,2026-09-25 18:57:55.670754
evt_US_SPDR_XLE_CLASS_2026-06-22_income_final_v1_c1,evt_US_SPDR_XLE_CLASS_2026-06-22_income_final_v1,ORDINARY_INCOME,Ordinary Income,0.384876,,0,2026-09-25 18:58:02.254310
evt_US_SPDR_XLE_CLASS_2026-09-21_income_final_v1_c1,evt_US_SPDR_XLE_CLASS_2026-09-21_income_final_v1,ORDINARY_INCOME,Ordinary Income,0.380277,,0,2026-09-25 18:58:07.946989
