fund_id,expected_frequency,last_confirmed_event_date,last_checked_at,consecutive_unknowns,last_status,backfill_completed_at,updated_at
US_SPDR_SPTM,QUARTERLY,2026-09-21,2026-09-25 18:46:24.004618,0,DECLARED,2026-09-25 18:46:24.022389,2026-09-25 18:46:24.024343
US_SPDR_SPYD,QUARTERLY,2026-09-21,2026-09-25 18:47:48.779034,0,DECLARED,2026-09-25 18:47:48.786911,2026-09-25 18:47:48.788169
US_SPDR_SPAB,MONTHLY,2026-09-01,2026-09-25 18:49:16.230547,0,DECLARED,2026-09-25 18:49:16.239357,2026-09-25 18:49:16.241034
US_SPDR_JNK,MONTHLY,2026-09-01,2026-09-25 18:50:40.845212,0,DECLARED,2026-09-25 18:50:40.853020,2026-09-25 18:50:40.855021
US_SPDR_SJNK,MONTHLY,2026-09-01,2026-09-25 18:52:27.521630,0,DECLARED,2026-09-25 18:52:27.530450,2026-09-25 18:52:27.532243
US_SPDR_XLF,QUARTERLY,2026-09-21,2026-09-25 18:55:55.282315,0,DECLARED,2026-09-25 18:55:55.291459,2026-09-25 18:55:55.293817
US_SPDR_XLE,QUARTERLY,2026-09-21,2026-09-25 18:58:07.948463,0,DECLARED,2026-09-25 18:58:07.957363,2026-09-25 18:58:07.959210
US_VANGUARD_VTI,QUARTERLY,2026-06-26,2026-09-25 19:00:59.040150,1,UNKNOWN,2026-09-25 19:00:59.049232,2026-09-25 19:00:59.051753
US_VANGUARD_VOO,QUARTERLY,2026-06-26,2026-09-25 19:02:50.139326,1,UNKNOWN,2026-09-25 19:02:50.148045,2026-09-25 19:02:50.149691
US_VANGUARD_BND,MONTHLY,2026-09-01,2026-09-25 19:06:15.383458,0,DECLARED,2026-09-25 19:06:15.392248,2026-09-25 19:06:15.394836
US_VANGUARD_VYM,QUARTERLY,2026-09-18,2026-09-25 19:22:43.533927,0,DECLARED,2026-09-25 19:22:43.544751,2026-09-25 19:22:43.546962
US_VANGUARD_VNQ,QUARTERLY,2026-09-23,2026-09-25 19:33:40.546123,0,DECLARED,2026-09-25 19:33:40.555961,2026-09-25 19:33:40.557742
US_VANGUARD_VB,QUARTERLY,2026-06-26,2026-09-25 19:36:52.183267,1,UNKNOWN,2026-09-25 19:36:52.193144,2026-09-25 19:36:52.195925
US_VANGUARD_VO,QUARTERLY,2026-06-26,2026-09-25 19:38:47.545471,1,UNKNOWN,2026-09-25 19:38:47.562173,2026-09-25 19:38:47.565372
US_VANGUARD_VEA,QUARTERLY,2026-09-18,2026-09-25 19:49:53.284295,0,DECLARED,2026-09-25 19:49:53.294207,2026-09-25 19:49:53.297674
US_VANGUARD_VWO,QUARTERLY,2026-09-18,2026-09-25 19:57:02.548688,0,DECLARED,2026-09-25 19:57:02.556453,2026-09-25 19:57:02.558104
US_VANGUARD_VT,QUARTERLY,2026-09-18,2026-09-25 19:59:38.574887,0,DECLARED,2026-09-25 19:59:38.583130,2026-09-25 19:59:38.584906
US_VANGUARD_VIG,QUARTERLY,2026-06-26,2026-09-25 20:14:19.298964,1,UNKNOWN,2026-09-25 20:14:19.307134,2026-09-25 20:14:19.308863
US_VANGUARD_VTEB,MONTHLY,2026-09-01,2026-09-25 20:22:01.144944,0,DECLARED,2026-09-25 20:22:01.153418,2026-09-25 20:22:01.155446
US_VANGUARD_BSV,MONTHLY,2026-09-01,2026-09-25 20:29:04.190760,0,DECLARED,2026-09-25 20:29:04.201282,2026-09-25 20:29:04.203124
US_VANGUARD_BIV,MONTHLY,2026-09-01,2026-09-25 20:32:37.813680,0,DECLARED,2026-09-25 20:32:37.826442,2026-09-25 20:32:37.828542
US_VANGUARD_BLV,MONTHLY,2026-09-01,2026-09-25 20:34:34.192687,0,DECLARED,2026-09-25 20:34:34.200896,2026-09-25 20:34:34.205015
US_VANGUARD_VFIAX,QUARTERLY,2026-06-26,2026-09-26 11:23:32.220369,0,NOT_DECLARED,2026-09-26 11:23:32.232060,2026-09-26 11:23:32.235679
US_VANGUARD_VTSAX,QUARTERLY,2026-06-26,2026-09-26 11:25:01.828289,0,NOT_DECLARED,2026-09-26 11:25:01.841867,2026-09-26 11:25:01.847638
US_VANGUARD_VBTLX,MONTHLY,2026-08-31,2026-09-26 11:26:32.775217,1,UNKNOWN,2026-09-26 11:26:32.793697,2026-09-26 11:26:32.806583
US_VANGUARD_VTIAX,QUARTERLY,2026-09-18,2026-09-26 11:28:14.881047,0,DECLARED,2026-09-26 11:28:14.895994,2026-09-26 11:28:14.898728
US_VANGUARD_VWEAX,MONTHLY,2026-08-31,2026-09-26 11:30:02.381670,1,UNKNOWN,2026-09-26 11:30:02.396423,2026-09-26 11:30:02.400076
CA_VANGUARD_VCN,QUARTERLY,2026-09-18,2026-09-26 11:54:30.257704,0,DECLARED,2026-09-26 11:54:30.265212,2026-09-26 11:54:30.266230
CA_VANGUARD_VAB,MONTHLY,2026-09-01,2026-09-26 11:54:47.913205,0,DECLARED,2026-09-26 11:54:47.921184,2026-09-26 11:54:47.922480
CA_VANGUARD_VDY,MONTHLY,2026-09-18,2026-09-26 11:55:05.224021,0,DECLARED,2026-09-26 11:55:05.231076,2026-09-26 11:55:05.231840
CA_VANGUARD_VFV,QUARTERLY,2026-06-26,2026-09-26 11:55:21.952924,0,NOT_DECLARED,2026-09-26 11:55:21.960815,2026-09-26 11:55:21.961515
CA_VANGUARD_VSB,MONTHLY,2026-09-01,2026-09-26 11:55:40.826935,0,DECLARED,2026-09-26 11:55:40.834652,2026-09-26 11:55:40.835372
CA_VANGUARD_VBAL,QUARTERLY,2026-07-02,2026-09-26 11:56:00.643790,1,UNKNOWN,2026-09-26 11:56:00.651142,2026-09-26 11:56:00.651957
CA_VANGUARD_VGRO,QUARTERLY,2026-07-02,2026-09-26 11:56:20.529837,1,UNKNOWN,2026-09-26 11:56:20.537297,2026-09-26 11:56:20.538593
CA_RBC_RCD,MONTHLY,2026-09-22,2026-09-26 12:04:09.488819,0,DECLARED,2026-09-26 12:04:09.500751,2026-09-26 12:04:09.503242
CA_RBC_RUSB,MONTHLY,2026-09-22,2026-09-26 12:05:46.166979,0,DECLARED,2026-09-26 12:05:46.185367,2026-09-26 12:05:46.187415
CA_BMO_ZCN,QUARTERLY,,2026-09-26 13:02:59.990568,25,UNKNOWN,2026-09-26 13:03:00.001192,2026-09-26 13:03:00.005236
CA_BMO_ZAG,MONTHLY,,2026-09-26 13:03:24.379057,25,UNKNOWN,2026-09-26 13:03:24.388622,2026-09-26 13:03:24.391766
CA_BMO_ZEB,MONTHLY,,2026-09-26 13:03:48.039389,25,UNKNOWN,2026-09-26 13:03:48.053226,2026-09-26 13:03:48.058815
CA_BMO_ZWB,MONTHLY,,2026-09-26 13:04:11.157554,25,UNKNOWN,2026-09-26 13:04:11.168885,2026-09-26 13:04:11.171904
CA_BMO_ZUT,MONTHLY,,2026-09-26 13:04:33.690450,25,UNKNOWN,2026-09-26 13:04:33.699589,2026-09-26 13:04:33.703857
CA_BMO_ZDV,MONTHLY,,2026-09-26 13:04:56.873438,25,UNKNOWN,2026-09-26 13:04:56.882508,2026-09-26 13:04:56.886287
CA_BMO_ZDB,MONTHLY,,2026-09-26 13:05:19.630404,25,UNKNOWN,2026-09-26 13:05:19.642230,2026-09-26 13:05:19.645569
CA_BMO_ZPR,MONTHLY,,2026-09-26 13:05:42.619858,25,UNKNOWN,2026-09-26 13:05:42.634159,2026-09-26 13:05:42.640123
CA_ISHARES_XIC,QUARTERLY,,2026-09-26 13:05:53.026308,25,UNKNOWN,2026-09-26 13:05:53.037457,2026-09-26 13:05:53.040298
CA_ISHARES_XBB,MONTHLY,,2026-09-26 13:06:05.717769,25,UNKNOWN,2026-09-26 13:06:05.728795,2026-09-26 13:06:05.731431
CA_ISHARES_XEI,MONTHLY,,2026-09-26 13:06:15.367047,25,UNKNOWN,2026-09-26 13:06:15.380210,2026-09-26 13:06:15.383336
CA_ISHARES_XDV,MONTHLY,,2026-09-26 13:06:26.259016,25,UNKNOWN,2026-09-26 13:06:26.286144,2026-09-26 13:06:26.291136
CA_ISHARES_XUT,MONTHLY,,2026-09-26 13:06:36.858019,25,UNKNOWN,2026-09-26 13:06:36.870026,2026-09-26 13:06:36.873537
CA_ISHARES_XSB,MONTHLY,,2026-09-26 13:06:47.237580,25,UNKNOWN,2026-09-26 13:06:47.249668,2026-09-26 13:06:47.252881
CA_ISHARES_XSH,MONTHLY,,2026-09-26 13:06:56.929128,25,UNKNOWN,2026-09-26 13:06:56.938392,2026-09-26 13:06:56.941939
CA_ISHARES_XHY,MONTHLY,,2026-09-26 13:07:07.725836,25,UNKNOWN,2026-09-26 13:07:07.738080,2026-09-26 13:07:07.740865
CA_RBC_RBN,MONTHLY,,2026-09-26 13:07:19.254881,25,UNKNOWN,2026-09-26 13:07:19.261953,2026-09-26 13:07:19.264280
CA_RBC_RBF556,MONTHLY,,2026-09-26 13:08:33.572030,25,UNKNOWN,2026-09-26 13:08:33.596218,2026-09-26 13:08:33.599746
CA_RBC_RBF266,MONTHLY,,2026-09-26 13:09:42.104741,25,UNKNOWN,2026-09-26 13:09:42.113367,2026-09-26 13:09:42.115360
CA_TD_TTP,QUARTERLY,,2026-09-26 13:09:59.878172,25,UNKNOWN,2026-09-26 13:09:59.886900,2026-09-26 13:09:59.889511
CA_TD_TPU,QUARTERLY,,2026-09-26 13:10:14.950415,25,UNKNOWN,2026-09-26 13:10:14.963625,2026-09-26 13:10:14.968790
CA_TD_TDB900,SEMI_ANNUAL,,2026-09-26 13:10:29.795474,25,UNKNOWN,2026-09-26 13:10:29.809213,2026-09-26 13:10:29.811914
CA_TD_TDB902,SEMI_ANNUAL,,2026-09-26 13:10:44.284252,25,UNKNOWN,2026-09-26 13:10:44.295382,2026-09-26 13:10:44.298013
CA_TD_TDB909,MONTHLY,,2026-09-26 13:10:59.088496,25,UNKNOWN,2026-09-26 13:10:59.100901,2026-09-26 13:10:59.103902
CA_GLOBALX_HXT,ANNUAL,,2026-09-26 13:11:09.503409,25,UNKNOWN,2026-09-26 13:11:09.514184,2026-09-26 13:11:09.516596
CA_GLOBALX_HBB,ANNUAL,,2026-09-26 13:11:21.576021,25,UNKNOWN,2026-09-26 13:11:21.585752,2026-09-26 13:11:21.589162
CA_GLOBALX_HDIV,MONTHLY,,2026-09-26 13:11:32.371523,25,UNKNOWN,2026-09-26 13:11:32.383644,2026-09-26 13:11:32.386598
CA_CI_FIE,MONTHLY,,2026-09-26 13:11:46.606440,25,UNKNOWN,2026-09-26 13:11:46.619541,2026-09-26 13:11:46.625654
CA_CI_FIG,MONTHLY,,2026-09-26 13:12:02.733153,25,UNKNOWN,2026-09-26 13:12:02.743235,2026-09-26 13:12:02.745089
CA_CI_CDZ,MONTHLY,,2026-09-26 13:12:15.354561,25,UNKNOWN,2026-09-26 13:12:15.366440,2026-09-26 13:12:15.369634
CA_MACKENZIE_QBB,MONTHLY,,2026-09-26 13:12:25.550166,25,UNKNOWN,2026-09-26 13:12:25.559112,2026-09-26 13:12:25.561616
US_ISHARES_IVV,QUARTERLY,,2026-09-26 13:25:06.336279,25,UNKNOWN,2026-09-26 13:25:06.346706,2026-09-26 13:25:06.349651
US_ISHARES_AGG,MONTHLY,,2026-09-26 13:33:22.192874,25,UNKNOWN,2026-09-26 13:33:22.207299,2026-09-26 13:33:22.212009
US_ISHARES_IWM,QUARTERLY,,2026-09-26 13:41:40.877991,25,UNKNOWN,2026-09-26 13:41:40.887135,2026-09-26 13:41:40.889335
US_ISHARES_HYG,MONTHLY,,2026-09-26 13:49:50.302926,25,UNKNOWN,2026-09-26 13:49:50.313323,2026-09-26 13:49:50.316435
US_ISHARES_LQD,MONTHLY,,2026-09-26 13:58:00.460926,25,UNKNOWN,2026-09-26 13:58:00.471337,2026-09-26 13:58:00.473470
US_ISHARES_TIP,MONTHLY,,2026-09-26 14:08:09.991603,25,UNKNOWN,2026-09-26 14:08:10.001675,2026-09-26 14:08:10.003929
US_ISHARES_MBB,MONTHLY,,2026-09-26 14:16:22.216971,25,UNKNOWN,2026-09-26 14:16:22.230931,2026-09-26 14:16:22.237186
US_ISHARES_SHY,MONTHLY,,2026-09-26 14:24:35.179971,25,UNKNOWN,2026-09-26 14:24:35.190561,2026-09-26 14:24:35.193203
US_ISHARES_IEF,MONTHLY,,2026-09-26 14:32:44.737333,25,UNKNOWN,2026-09-26 14:32:44.752132,2026-09-26 14:32:44.754991
US_ISHARES_TLT,MONTHLY,,2026-09-26 14:40:57.625662,25,UNKNOWN,2026-09-26 14:40:57.638378,2026-09-26 14:40:57.641134
US_ISHARES_HDV,QUARTERLY,,2026-09-26 14:49:08.281689,25,UNKNOWN,2026-09-26 14:49:08.293687,2026-09-26 14:49:08.295895
US_ISHARES_IEMG,SEMI_ANNUAL,,2026-09-26 14:51:12.558837,25,UNKNOWN,2026-09-26 14:51:12.570032,2026-09-26 14:51:12.574668
US_ISHARES_IEFA,SEMI_ANNUAL,,2026-09-26 14:59:25.952063,25,UNKNOWN,2026-09-26 14:59:25.964347,2026-09-26 14:59:25.965632
US_ISHARES_USHY,MONTHLY,,2026-09-26 15:07:42.544275,25,UNKNOWN,2026-09-26 15:07:42.558074,2026-09-26 15:07:42.564622
US_FIDELITY_FXAIX,SEMI_ANNUAL,,2026-09-26 15:08:26.070931,25,UNKNOWN,2026-09-26 15:08:26.083369,2026-09-26 15:08:26.087103
US_FIDELITY_FSKAX,SEMI_ANNUAL,,2026-09-26 15:09:12.135855,25,UNKNOWN,2026-09-26 15:09:12.146111,2026-09-26 15:09:12.148122
US_FIDELITY_FXNAX,MONTHLY,,2026-09-26 15:11:02.808988,25,UNKNOWN,2026-09-26 15:11:02.819247,2026-09-26 15:11:02.821693
US_FIDELITY_FTBFX,MONTHLY,,2026-09-26 15:12:10.837841,25,UNKNOWN,2026-09-26 15:12:10.851870,2026-09-26 15:12:10.857388
US_FIDELITY_FZROX,ANNUAL,,2026-09-26 15:12:53.542518,25,UNKNOWN,2026-09-26 15:12:53.562397,2026-09-26 15:12:53.564213
US_FIDELITY_FNCMX,ANNUAL,,2026-09-26 15:13:34.637418,25,UNKNOWN,2026-09-26 15:13:34.649276,2026-09-26 15:13:34.653246
US_FIDELITY_FBALX,SEMI_ANNUAL,,2026-09-26 15:14:20.120832,25,UNKNOWN,2026-09-26 15:14:20.131521,2026-09-26 15:14:20.133259
US_FIDELITY_FDVV,QUARTERLY,,2026-09-26 15:15:57.440317,25,UNKNOWN,2026-09-26 15:15:57.454886,2026-09-26 15:15:57.459048
US_FIDELITY_ONEQ,QUARTERLY,,2026-09-26 15:16:10.794673,25,UNKNOWN,2026-09-26 15:16:10.805348,2026-09-26 15:16:10.812685
US_SCHWAB_SCHD,QUARTERLY,,2026-09-26 15:17:11.541826,25,UNKNOWN,2026-09-26 15:17:11.557608,2026-09-26 15:17:11.561874
US_SCHWAB_SCHX,QUARTERLY,,2026-09-26 15:18:13.447204,25,UNKNOWN,2026-09-26 15:18:13.465116,2026-09-26 15:18:13.471666
US_SCHWAB_SCHZ,MONTHLY,,2026-09-26 15:19:13.967744,25,UNKNOWN,2026-09-26 15:19:13.987313,2026-09-26 15:19:13.992880
US_SCHWAB_SWPPX,ANNUAL,,2026-09-26 15:20:05.720746,25,UNKNOWN,2026-09-26 15:20:05.733141,2026-09-26 15:20:05.739538
US_SCHWAB_SWAGX,MONTHLY,,2026-09-26 15:20:43.827741,25,UNKNOWN,2026-09-26 15:20:43.841648,2026-09-26 15:20:43.845336
US_INVESCO_QQQ,QUARTERLY,,2026-09-26 15:21:01.493437,25,UNKNOWN,2026-09-26 15:21:01.518507,2026-09-26 15:21:01.520993
US_INVESCO_RSP,QUARTERLY,,2026-09-26 15:21:31.498150,25,UNKNOWN,2026-09-26 15:21:31.511242,2026-09-26 15:21:31.522810
US_INVESCO_BKLN,MONTHLY,,2026-09-26 15:23:06.058403,25,UNKNOWN,2026-09-26 15:23:06.068186,2026-09-26 15:23:06.070504
US_PIMCO_BOND,MONTHLY,,2026-09-26 15:24:15.860471,25,UNKNOWN,2026-09-26 15:24:15.874507,2026-09-26 15:24:15.876479
US_PIMCO_MINT,MONTHLY,,2026-09-26 15:25:25.273339,25,UNKNOWN,2026-09-26 15:25:25.285546,2026-09-26 15:25:25.290617
