fund_id,fund_name,fund_family,country,fund_type,cik,sedar_id,inception_date,status,created_at,updated_at
US_VANGUARD_VTI,Vanguard Total Stock Market Index Fund ETF,Vanguard,US,ETF,0000036405,,,ACTIVE,2026-09-24 09:08:04.563137,2026-09-24 09:08:04.563141
US_VANGUARD_VOO,Vanguard S&P 500 ETF,Vanguard,US,ETF,0000036405,,,ACTIVE,2026-09-24 09:08:04.566491,2026-09-24 09:08:04.566493
US_VANGUARD_BND,Vanguard Total Bond Market ETF,Vanguard,US,ETF,0000794105,,,ACTIVE,2026-09-24 09:08:04.567587,2026-09-24 09:08:04.567589
US_VANGUARD_VYM,Vanguard High Dividend Yield ETF,Vanguard,US,ETF,0001004655,,,ACTIVE,2026-09-24 09:08:04.568525,2026-09-24 09:08:04.568527
US_VANGUARD_VNQ,Vanguard Real Estate ETF,Vanguard,US,ETF,0000734383,,,ACTIVE,2026-09-24 09:08:04.569505,2026-09-24 09:08:04.569507
US_VANGUARD_VB,Vanguard Small-Cap ETF,Vanguard,US,ETF,0000036405,,,ACTIVE,2026-09-24 09:08:04.570644,2026-09-24 09:08:04.570646
US_VANGUARD_VO,Vanguard Mid-Cap ETF,Vanguard,US,ETF,0000036405,,,ACTIVE,2026-09-24 09:08:04.571854,2026-09-24 09:08:04.571857
US_VANGUARD_VEA,Vanguard FTSE Developed Markets ETF,Vanguard,US,ETF,0000923202,,,ACTIVE,2026-09-24 09:08:04.573102,2026-09-24 09:08:04.573105
US_VANGUARD_VWO,Vanguard FTSE Emerging Markets ETF,Vanguard,US,ETF,0000857489,,,ACTIVE,2026-09-24 09:08:04.574477,2026-09-24 09:08:04.574480
US_VANGUARD_VT,Vanguard Total World Stock ETF,Vanguard,US,ETF,0000857489,,,ACTIVE,2026-09-24 09:08:04.575710,2026-09-24 09:08:04.575712
US_VANGUARD_VIG,Vanguard Dividend Appreciation ETF,Vanguard,US,ETF,0000734383,,,ACTIVE,2026-09-24 09:08:04.576790,2026-09-24 09:08:04.576792
US_VANGUARD_VTEB,Vanguard Tax-Exempt Bond ETF,Vanguard,US,ETF,0000225997,,,ACTIVE,2026-09-24 09:08:04.577865,2026-09-24 09:08:04.577868
US_VANGUARD_BSV,Vanguard Short-Term Bond ETF,Vanguard,US,ETF,0000794105,,,ACTIVE,2026-09-24 09:08:04.579015,2026-09-24 09:08:04.579017
US_VANGUARD_BIV,Vanguard Intermediate-Term Bond ETF,Vanguard,US,ETF,0000794105,,,ACTIVE,2026-09-24 09:08:04.580016,2026-09-24 09:08:04.580018
US_VANGUARD_BLV,Vanguard Long-Term Bond ETF,Vanguard,US,ETF,0000794105,,,ACTIVE,2026-09-24 09:08:04.580954,2026-09-24 09:08:04.580956
US_VANGUARD_VFIAX,Vanguard 500 Index Fund Admiral Shares,Vanguard,US,MUTUAL_FUND,0000036405,,,ACTIVE,2026-09-24 09:08:04.581927,2026-09-24 09:08:04.581928
US_VANGUARD_VTSAX,Vanguard Total Stock Market Index Fund Admiral Shares,Vanguard,US,MUTUAL_FUND,0000036405,,,ACTIVE,2026-09-24 09:08:04.582779,2026-09-24 09:08:04.582780
US_VANGUARD_VBTLX,Vanguard Total Bond Market Index Fund Admiral Shares,Vanguard,US,MUTUAL_FUND,0000794105,,,ACTIVE,2026-09-24 09:08:04.583583,2026-09-24 09:08:04.583585
US_VANGUARD_VTIAX,Vanguard Total International Stock Index Fund Admiral Shares,Vanguard,US,MUTUAL_FUND,0000736054,,,ACTIVE,2026-09-24 09:08:04.584399,2026-09-24 09:08:04.584401
US_VANGUARD_VWEAX,Vanguard High-Yield Corporate Fund Admiral Shares,Vanguard,US,MUTUAL_FUND,0000106444,,,ACTIVE,2026-09-24 09:08:04.585233,2026-09-24 09:08:04.585234
US_ISHARES_IVV,iShares Core S&P 500 ETF,BlackRock iShares,US,ETF,0001100663,,,ACTIVE,2026-09-24 09:08:04.586067,2026-09-24 09:08:04.586069
US_ISHARES_AGG,iShares Core U.S. Aggregate Bond ETF,BlackRock iShares,US,ETF,0001100663,,,ACTIVE,2026-09-24 09:08:04.586942,2026-09-24 09:08:04.586943
US_ISHARES_IWM,iShares Russell 2000 ETF,BlackRock iShares,US,ETF,0001100663,,,ACTIVE,2026-09-24 09:08:04.587820,2026-09-24 09:08:04.587822
US_ISHARES_HYG,iShares iBoxx $ High Yield Corporate Bond ETF,BlackRock iShares,US,ETF,0001100663,,,ACTIVE,2026-09-24 09:08:04.588631,2026-09-24 09:08:04.588633
US_ISHARES_LQD,iShares iBoxx $ Investment Grade Corporate Bond ETF,BlackRock iShares,US,ETF,0001100663,,,ACTIVE,2026-09-24 09:08:04.589425,2026-09-24 09:08:04.589427
US_ISHARES_TIP,iShares TIPS Bond ETF,BlackRock iShares,US,ETF,0001100663,,,ACTIVE,2026-09-24 09:08:04.590290,2026-09-24 09:08:04.590291
US_ISHARES_MBB,iShares MBS ETF,BlackRock iShares,US,ETF,0001100663,,,ACTIVE,2026-09-24 09:08:04.591120,2026-09-24 09:08:04.591121
US_ISHARES_SHY,iShares 1-3 Year Treasury Bond ETF,BlackRock iShares,US,ETF,0001100663,,,ACTIVE,2026-09-24 09:08:04.591904,2026-09-24 09:08:04.591905
US_ISHARES_IEF,iShares 7-10 Year Treasury Bond ETF,BlackRock iShares,US,ETF,0001100663,,,ACTIVE,2026-09-24 09:08:04.592799,2026-09-24 09:08:04.592801
US_ISHARES_TLT,iShares 20+ Year Treasury Bond ETF,BlackRock iShares,US,ETF,0001100663,,,ACTIVE,2026-09-24 09:08:04.593620,2026-09-24 09:08:04.593622
US_ISHARES_HDV,iShares Core High Dividend ETF,BlackRock iShares,US,ETF,0001100663,,,ACTIVE,2026-09-24 09:08:04.594484,2026-09-24 09:08:04.594486
US_ISHARES_IEMG,iShares Core MSCI Emerging Markets ETF,BlackRock iShares,US,ETF,0000930667,,,ACTIVE,2026-09-24 09:08:04.595314,2026-09-24 09:08:04.595316
US_ISHARES_IEFA,iShares Core MSCI EAFE ETF,BlackRock iShares,US,ETF,0001100663,,,ACTIVE,2026-09-24 09:08:04.596122,2026-09-24 09:08:04.596124
US_ISHARES_USHY,iShares Broad USD High Yield Corporate Bond ETF,BlackRock iShares,US,ETF,0001100663,,,ACTIVE,2026-09-24 09:08:04.597003,2026-09-24 09:08:04.597005
US_FIDELITY_FXAIX,Fidelity 500 Index Fund,Fidelity,US,MUTUAL_FUND,0000819118,,,ACTIVE,2026-09-24 09:08:04.598007,2026-09-24 09:08:04.598009
US_FIDELITY_FSKAX,Fidelity Total Market Index Fund,Fidelity,US,MUTUAL_FUND,0000819118,,,ACTIVE,2026-09-24 09:08:04.599064,2026-09-24 09:08:04.599066
US_FIDELITY_FXNAX,Fidelity U.S. Bond Index Fund,Fidelity,US,MUTUAL_FUND,0000035315,,,ACTIVE,2026-09-24 09:08:04.600078,2026-09-24 09:08:04.600080
US_FIDELITY_FTBFX,Fidelity Total Bond Fund,Fidelity,US,MUTUAL_FUND,0000751199,,,ACTIVE,2026-09-24 09:08:04.601017,2026-09-24 09:08:04.601019
US_FIDELITY_FZROX,Fidelity ZERO Total Market Index Fund,Fidelity,US,MUTUAL_FUND,0000819118,,,ACTIVE,2026-09-24 09:08:04.601904,2026-09-24 09:08:04.601907
US_FIDELITY_FNCMX,Fidelity Nasdaq Composite Index Fund,Fidelity,US,MUTUAL_FUND,0000819118,,,ACTIVE,2026-09-24 09:08:04.603018,2026-09-24 09:08:04.603021
US_FIDELITY_FBALX,Fidelity Balanced Fund,Fidelity,US,MUTUAL_FUND,0000081205,,,ACTIVE,2026-09-24 09:08:04.604000,2026-09-24 09:08:04.604002
US_FIDELITY_FDVV,Fidelity High Dividend ETF,Fidelity,US,ETF,0000945908,,,ACTIVE,2026-09-24 09:08:04.604856,2026-09-24 09:08:04.604857
US_FIDELITY_ONEQ,Fidelity Nasdaq Composite Tracking Stock ETF,Fidelity,US,ETF,0000205323,,,ACTIVE,2026-09-24 09:08:04.605667,2026-09-24 09:08:04.605669
US_SPDR_SPTM,SPDR Portfolio Total Stock Market ETF,State Street SPDR,US,ETF,0001064642,,,ACTIVE,2026-09-24 09:08:04.606558,2026-09-24 09:08:04.606561
US_SPDR_SPYD,SPDR S&P Dividend ETF,State Street SPDR,US,ETF,0001064642,,,ACTIVE,2026-09-24 09:08:04.607510,2026-09-24 09:08:04.607512
US_SPDR_SPAB,SPDR Portfolio Aggregate Bond ETF,State Street SPDR,US,ETF,0001064642,,,ACTIVE,2026-09-24 09:08:04.608332,2026-09-24 09:08:04.608333
US_SPDR_JNK,SPDR Bloomberg High Yield Bond ETF,State Street SPDR,US,ETF,0001064642,,,ACTIVE,2026-09-24 09:08:04.609138,2026-09-24 09:08:04.609139
US_SPDR_SJNK,SPDR Bloomberg Short Term High Yield Bond ETF,State Street SPDR,US,ETF,0001064642,,,ACTIVE,2026-09-24 09:08:04.609966,2026-09-24 09:08:04.609968
US_SPDR_XLF,Financial Select Sector SPDR Fund,State Street SPDR,US,ETF,0001064641,,,ACTIVE,2026-09-24 09:08:04.610844,2026-09-24 09:08:04.610845
US_SPDR_XLE,Energy Select Sector SPDR Fund,State Street SPDR,US,ETF,0001064641,,,ACTIVE,2026-09-24 09:08:04.611669,2026-09-24 09:08:04.611670
US_SCHWAB_SCHD,Schwab U.S. Dividend Equity ETF,Charles Schwab,US,ETF,0001454889,,,ACTIVE,2026-09-24 09:08:04.612463,2026-09-24 09:08:04.612464
US_SCHWAB_SCHX,Schwab U.S. Large-Cap ETF,Charles Schwab,US,ETF,0001454889,,,ACTIVE,2026-09-24 09:08:04.613315,2026-09-24 09:08:04.613317
US_SCHWAB_SCHZ,Schwab U.S. Aggregate Bond ETF,Charles Schwab,US,ETF,0001454889,,,ACTIVE,2026-09-24 09:08:04.614185,2026-09-24 09:08:04.614187
US_SCHWAB_SWPPX,Schwab S&P 500 Index Fund,Charles Schwab,US,MUTUAL_FUND,0000904333,,,ACTIVE,2026-09-24 09:08:04.615016,2026-09-24 09:08:04.615017
US_SCHWAB_SWAGX,Schwab U.S. Aggregate Bond Index Fund,Charles Schwab,US,MUTUAL_FUND,0000869365,,,ACTIVE,2026-09-24 09:08:04.615858,2026-09-24 09:08:04.615859
US_INVESCO_QQQ,Invesco QQQ Trust,Invesco,US,ETF,0001067839,,,ACTIVE,2026-09-24 09:08:04.616644,2026-09-24 09:08:04.616646
US_INVESCO_RSP,Invesco S&P 500 Equal Weight ETF,Invesco,US,ETF,0001209466,,,ACTIVE,2026-09-24 09:08:04.617418,2026-09-24 09:08:04.617419
US_INVESCO_BKLN,Invesco Senior Loan ETF,Invesco,US,ETF,0001378872,,,ACTIVE,2026-09-24 09:08:04.618284,2026-09-24 09:08:04.618286
US_PIMCO_BOND,PIMCO Active Bond Exchange-Traded Fund,PIMCO,US,ETF,0001450011,,,ACTIVE,2026-09-24 09:08:04.619089,2026-09-24 09:08:04.619090
US_PIMCO_MINT,PIMCO Enhanced Short Maturity Active ETF,PIMCO,US,ETF,0001450011,,,ACTIVE,2026-09-24 09:08:04.619878,2026-09-24 09:08:04.619879
CA_BMO_ZCN,BMO S&P/TSX Capped Composite Index ETF,BMO Global Asset Management,CA,ETF,,,,ACTIVE,2026-09-24 09:08:04.620726,2026-09-24 09:08:04.620728
CA_BMO_ZAG,BMO Aggregate Bond Index ETF,BMO Global Asset Management,CA,ETF,,,,ACTIVE,2026-09-24 09:08:04.621553,2026-09-24 09:08:04.621554
CA_BMO_ZEB,BMO Equal Weight Banks Index ETF,BMO Global Asset Management,CA,ETF,,,,ACTIVE,2026-09-24 09:08:04.622438,2026-09-24 09:08:04.622439
CA_BMO_ZWB,BMO Covered Call Canadian Banks ETF,BMO Global Asset Management,CA,ETF,,,,ACTIVE,2026-09-24 09:08:04.623229,2026-09-24 09:08:04.623231
CA_BMO_ZUT,BMO Equal Weight Utilities Index ETF,BMO Global Asset Management,CA,ETF,,,,ACTIVE,2026-09-24 09:08:04.624045,2026-09-24 09:08:04.624047
CA_BMO_ZDV,BMO Canadian Dividend ETF,BMO Global Asset Management,CA,ETF,,,,ACTIVE,2026-09-24 09:08:04.624871,2026-09-24 09:08:04.624873
CA_BMO_ZDB,BMO Discount Bond Index ETF,BMO Global Asset Management,CA,ETF,,,,ACTIVE,2026-09-24 09:08:04.625665,2026-09-24 09:08:04.625666
CA_BMO_ZPR,BMO Laddered Preferred Share Index ETF,BMO Global Asset Management,CA,ETF,,,,ACTIVE,2026-09-24 09:08:04.626496,2026-09-24 09:08:04.626498
CA_VANGUARD_VCN,Vanguard FTSE Canada All Cap Index ETF,Vanguard Canada,CA,ETF,,,,ACTIVE,2026-09-24 09:08:04.627508,2026-09-24 09:08:04.627511
CA_VANGUARD_VAB,Vanguard Canadian Aggregate Bond Index ETF,Vanguard Canada,CA,ETF,,,,ACTIVE,2026-09-24 09:08:04.628773,2026-09-24 09:08:04.628776
CA_VANGUARD_VDY,Vanguard FTSE Canadian High Dividend Yield Index ETF,Vanguard Canada,CA,ETF,,,,ACTIVE,2026-09-24 09:08:04.629879,2026-09-24 09:08:04.629882
CA_VANGUARD_VFV,Vanguard S&P 500 Index ETF,Vanguard Canada,CA,ETF,,,,ACTIVE,2026-09-24 09:08:04.630910,2026-09-24 09:08:04.630912
CA_VANGUARD_VSB,Vanguard Canadian Short-Term Bond Index ETF,Vanguard Canada,CA,ETF,,,,ACTIVE,2026-09-24 09:08:04.631843,2026-09-24 09:08:04.631844
CA_VANGUARD_VBAL,Vanguard Balanced ETF Portfolio,Vanguard Canada,CA,ETF,,,,ACTIVE,2026-09-24 09:08:04.632750,2026-09-24 09:08:04.632752
CA_VANGUARD_VGRO,Vanguard Growth ETF Portfolio,Vanguard Canada,CA,ETF,,,,ACTIVE,2026-09-24 09:08:04.633677,2026-09-24 09:08:04.633679
CA_ISHARES_XIC,iShares Core S&P/TSX Capped Composite Index ETF,BlackRock iShares Canada,CA,ETF,,,,ACTIVE,2026-09-24 09:08:04.634691,2026-09-24 09:08:04.634693
CA_ISHARES_XBB,iShares Core Canadian Universe Bond Index ETF,BlackRock iShares Canada,CA,ETF,,,,ACTIVE,2026-09-24 09:08:04.635601,2026-09-24 09:08:04.635603
CA_ISHARES_XEI,iShares S&P/TSX Composite High Dividend Index ETF,BlackRock iShares Canada,CA,ETF,,,,ACTIVE,2026-09-24 09:08:04.636489,2026-09-24 09:08:04.636490
CA_ISHARES_XDV,iShares Canadian Select Dividend Index ETF,BlackRock iShares Canada,CA,ETF,,,,ACTIVE,2026-09-24 09:08:04.637468,2026-09-24 09:08:04.637470
CA_ISHARES_XUT,iShares S&P/TSX Capped Utilities Index ETF,BlackRock iShares Canada,CA,ETF,,,,ACTIVE,2026-09-24 09:08:04.638452,2026-09-24 09:08:04.638453
CA_ISHARES_XSB,iShares Core Canadian Short Term Bond Index ETF,BlackRock iShares Canada,CA,ETF,,,,ACTIVE,2026-09-24 09:08:04.639321,2026-09-24 09:08:04.639323
CA_ISHARES_XSH,iShares Core Canadian Short Term Corporate Bond Index ETF,BlackRock iShares Canada,CA,ETF,,,,ACTIVE,2026-09-24 09:08:04.640296,2026-09-24 09:08:04.640299
CA_ISHARES_XHY,iShares U.S. High Yield Bond Index ETF (CAD-Hedged),BlackRock iShares Canada,CA,ETF,,,,ACTIVE,2026-09-24 09:08:04.641247,2026-09-24 09:08:04.641248
CA_RBC_RBN,RBC BlueBay Canadian Core Plus Bond ETF,RBC Global Asset Management,CA,ETF,,,,ACTIVE,2026-09-24 09:08:04.642168,2026-09-24 09:08:04.642170
CA_RBC_RCD,RBC Quant Canadian Dividend Leaders ETF,RBC Global Asset Management,CA,ETF,,,,ACTIVE,2026-09-24 09:08:04.643041,2026-09-24 09:08:04.643042
CA_RBC_RUSB,RBC Short-Term U.S. Corporate Bond ETF,RBC Global Asset Management,CA,ETF,,,,ACTIVE,2026-09-24 09:08:04.643875,2026-09-24 09:08:04.643877
CA_RBC_RBF556,RBC Canadian Dividend Fund Series A,RBC Global Asset Management,CA,MUTUAL_FUND,,,,ACTIVE,2026-09-24 09:08:04.644792,2026-09-24 09:08:04.644795
CA_RBC_RBF266,RBC Canadian Bond Fund Series A,RBC Global Asset Management,CA,MUTUAL_FUND,,,,ACTIVE,2026-09-24 09:08:04.646114,2026-09-24 09:08:04.646116
CA_TD_TTP,TD Canadian Equity Index ETF,TD Asset Management,CA,ETF,,,,ACTIVE,2026-09-24 09:08:04.647256,2026-09-24 09:08:04.647258
CA_TD_TPU,TD U.S. Equity Index ETF,TD Asset Management,CA,ETF,,,,ACTIVE,2026-09-24 09:08:04.648421,2026-09-24 09:08:04.648424
CA_TD_TDB900,TD Canadian Index Fund - e,TD Asset Management,CA,MUTUAL_FUND,,,,ACTIVE,2026-09-24 09:08:04.649442,2026-09-24 09:08:04.649445
CA_TD_TDB902,TD U.S. Index Fund - e,TD Asset Management,CA,MUTUAL_FUND,,,,ACTIVE,2026-09-24 09:08:04.650434,2026-09-24 09:08:04.650437
CA_TD_TDB909,TD Canadian Bond Index Fund - e,TD Asset Management,CA,MUTUAL_FUND,,,,ACTIVE,2026-09-24 09:08:04.651446,2026-09-24 09:08:04.651448
CA_GLOBALX_HXT,Global X S&P/TSX 60 Index Corporate Class ETF,Global X Investments Canada,CA,ETF,,,,ACTIVE,2026-09-24 09:08:04.652310,2026-09-24 09:08:04.652311
CA_GLOBALX_HBB,Global X Canadian Aggregate Bond Index Corporate Class ETF,Global X Investments Canada,CA,ETF,,,,ACTIVE,2026-09-24 09:08:04.653204,2026-09-24 09:08:04.653205
CA_GLOBALX_HDIV,Global X Canadian High Dividend Index Corporate Class ETF,Global X Investments Canada,CA,ETF,,,,ACTIVE,2026-09-24 09:08:04.654073,2026-09-24 09:08:04.654074
CA_CI_FIE,CI Canadian Financial Monthly Income ETF,CI Global Asset Management,CA,ETF,,,,ACTIVE,2026-09-24 09:08:04.655020,2026-09-24 09:08:04.655022
CA_CI_FIG,CI Investment Grade Bond ETF,CI Global Asset Management,CA,ETF,,,,ACTIVE,2026-09-24 09:08:04.655909,2026-09-24 09:08:04.655911
CA_CI_CDZ,CI Morningstar Canada Dividend Target 30 Index ETF,CI Global Asset Management,CA,ETF,,,,ACTIVE,2026-09-24 09:08:04.656722,2026-09-24 09:08:04.656723
CA_MACKENZIE_QBB,Mackenzie Canadian Aggregate Bond Index ETF,Mackenzie Investments,CA,ETF,,,,ACTIVE,2026-09-24 09:08:04.657522,2026-09-24 09:08:04.657524
