idx,fund_id,symbol,country,ex_date,record_date,payable_date,gross_amount,currency,route,source_url
1,US_VANGUARD_VTI,VTI,US,2024-03-22,2024-03-25,2024-03-27,0.9168,USD,HTML_TABLE,https://investor.vanguard.com/investment-products/etfs/profile/vti
2,US_VANGUARD_VOO,VOO,US,2024-03-22,2024-03-25,2024-03-27,1.5429,USD,HTML_TABLE,https://advisors.vanguard.com/investments/products/voo/vanguard-sp-500-etf
3,US_VANGUARD_BND,BND,US,2024-12-02,2024-12-02,2024-12-04,0.2312,USD,HTML_TABLE,https://investor.vanguard.com/investment-products/etfs/profile/bnd
4,US_ISHARES_IVV,IVV,US,2024-03-21,2024-03-22,2024-03-27,1.854,USD,HTML_TABLE,https://www.ishares.com/us/products/239726/
5,US_ISHARES_AGG,AGG,US,2024-12-02,2024-12-02,2024-12-05,0.3475,USD,HTML_TABLE,https://www.ishares.com/us/products/239458/
6,US_FIDELITY_FZROX,FZROX,US,2024-12-13,2024-12-13,2024-12-16,0.245,USD,HTML_TABLE,https://fundresearch.fidelity.com/mutual-funds/summary/315911602
7,US_FIDELITY_FNCMX,FNCMX,US,2024-12-13,2024-12-13,2024-12-16,1.921,USD,HTML_TABLE,https://fundresearch.fidelity.com/mutual-funds/summary/315911701
8,US_SCHWAB_SCHD,SCHD,US,2024-03-20,2024-03-20,2024-03-25,0.611,USD,HTML_TABLE,https://www.schwabassetmanagement.com/products/schd
9,US_SCHWAB_SWPPX,SWPPX,US,2024-12-11,2024-12-11,2024-12-12,1.156,USD,HTML_TABLE,https://www.schwabassetmanagement.com/products/swppx
10,US_INVESCO_QQQ,QQQ,US,2024-03-22,2024-03-25,2024-04-30,0.729,USD,HTML_TABLE,https://www.invesco.com/qqq-etf/en/home.html
11,US_PIMCO_BOND,BOND,US,2024-12-02,2024-12-02,2024-12-04,0.395,USD,HTML_TABLE,https://www.pimco.com/en-us/investments/etf/active-bond-exchange-traded-fund/usd
12,US_PIMCO_MINT,MINT,US,2024-12-02,2024-12-02,2024-12-04,0.45,USD,HTML_TABLE,https://www.pimco.com/en-us/investments/etf/enhanced-short-maturity-active-exchange-traded-fund/usd
13,CA_BMO_ZCN,ZCN,CA,2024-12-30,2024-12-31,2025-01-06,0.23,CAD,HTML_TABLE,https://www.bmogam.com/ca-en/investors/investment-solutions/etfs/bmo-sptsx-capped-composite-index-etf-zcn/
14,CA_BMO_ZAG,ZAG,CA,2024-12-30,2024-12-31,2025-01-06,0.045,CAD,HTML_TABLE,https://www.bmogam.com/ca-en/investors/investment-solutions/etfs/bmo-aggregate-bond-index-etf-zag/
15,CA_BMO_ZEB,ZEB,CA,2024-12-30,2024-12-31,2025-01-06,0.14,CAD,HTML_TABLE,https://www.bmogam.com/ca-en/investors/investment-solutions/etfs/bmo-equal-weight-banks-index-etf-zeb/
16,CA_BMO_ZWB,ZWB,CA,2024-12-30,2024-12-31,2025-01-06,0.12,CAD,HTML_TABLE,https://www.bmogam.com/ca-en/investors/investment-solutions/etfs/bmo-covered-call-canadian-banks-etf-zwb/
17,CA_BMO_ZUT,ZUT,CA,2024-12-30,2024-12-31,2025-01-06,0.075,CAD,HTML_TABLE,https://www.bmogam.com/ca-en/investors/investment-solutions/etfs/bmo-equal-weight-utilities-index-etf-zut/
18,CA_BMO_ZDV,ZDV,CA,2024-12-30,2024-12-31,2025-01-06,0.07,CAD,HTML_TABLE,https://www.bmogam.com/ca-en/investors/investment-solutions/etfs/bmo-canadian-dividend-etf-zdv/
19,CA_BMO_ZDB,ZDB,CA,2024-12-30,2024-12-31,2025-01-06,0.04,CAD,HTML_TABLE,https://www.bmogam.com/ca-en/investors/investment-solutions/etfs/bmo-discount-bond-index-etf-zdb/
20,CA_BMO_ZPR,ZPR,CA,2024-12-30,2024-12-31,2025-01-06,0.053,CAD,HTML_TABLE,https://www.bmogam.com/ca-en/investors/investment-solutions/etfs/bmo-laddered-preferred-share-index-etf-zpr/
21,CA_ISHARES_XIC,XIC,CA,2024-12-30,2024-12-31,2025-01-06,0.263,CAD,HTML_TABLE,https://www.blackrock.com/ca/investors/en/products/239837/
22,CA_ISHARES_XBB,XBB,CA,2024-12-30,2024-12-31,2025-01-06,0.078,CAD,HTML_TABLE,https://www.blackrock.com/ca/investors/en/products/239493/
23,CA_ISHARES_XEI,XEI,CA,2024-12-30,2024-12-31,2025-01-06,0.109,CAD,HTML_TABLE,https://www.blackrock.com/ca/investors/en/products/239846/
24,CA_ISHARES_XDV,XDV,CA,2024-12-30,2024-12-31,2025-01-06,0.134,CAD,HTML_TABLE,https://www.blackrock.com/ca/investors/en/products/239835/
25,CA_ISHARES_XUT,XUT,CA,2024-12-30,2024-12-31,2025-01-06,0.088,CAD,HTML_TABLE,https://www.blackrock.com/ca/investors/en/products/239848/
26,CA_ISHARES_XSB,XSB,CA,2024-12-30,2024-12-31,2025-01-06,0.072,CAD,HTML_TABLE,https://www.blackrock.com/ca/investors/en/products/239498/
27,CA_ISHARES_XSH,XSH,CA,2024-12-30,2024-12-31,2025-01-06,0.061,CAD,HTML_TABLE,https://www.blackrock.com/ca/investors/en/products/239499/
28,CA_ISHARES_XHY,XHY,CA,2024-12-30,2024-12-31,2025-01-06,0.098,CAD,HTML_TABLE,https://www.blackrock.com/ca/investors/en/products/239556/
29,CA_TD_TTP,TTP,CA,2024-12-30,2024-12-31,2025-01-07,0.211,CAD,HTML_TABLE,https://www.td.com/ca/en/asset-management/funds/solutions/etfs/FundCard/TD%20Canadian%20Equity%20Index%20ETF/?fundId=6831
30,CA_TD_TPU,TPU,CA,2024-12-30,2024-12-31,2025-01-07,0.184,CAD,HTML_TABLE,https://www.td.com/ca/en/asset-management/funds/solutions/etfs/FundCard/TD%20U.S.%20Equity%20Index%20ETF/?fundId=6833
31,CA_GLOBALX_HDIV,HDIV,CA,2024-12-30,2024-12-31,2025-01-08,0.13,CAD,HTML_TABLE,https://www.globalx.ca/product/hdiv
32,CA_CI_FIE,FIE,CA,2024-12-20,2024-12-23,2024-12-31,0.04,CAD,HTML_TABLE,https://funds.cifinancial.com/en/funds/etfs/CICanadianFinancialMonthlyIncomeETF.html
33,CA_CI_CDZ,CDZ,CA,2024-12-20,2024-12-23,2024-12-31,0.126,CAD,HTML_TABLE,https://funds.cifinancial.com/en/funds/etfs/CIMorningstarCanadaDividendTarget30IndexETF.html
