class_id,fund_id,ticker,cusip,isin,sec_series_id,sec_class_id,fundserv_code,currency,expected_frequency,is_monthly_payer,is_etf,created_at
US_VANGUARD_VTI_CLASS,US_VANGUARD_VTI,VTI,,,S000002848,C000007808,,USD,QUARTERLY,False,True,2026-09-24 09:08:04.565645
US_VANGUARD_VOO_CLASS,US_VANGUARD_VOO,VOO,,,S000002839,C000092055,,USD,QUARTERLY,False,True,2026-09-24 09:08:04.567067
US_VANGUARD_BND_CLASS,US_VANGUARD_BND,BND,,,S000002564,C000046844,,USD,MONTHLY,True,True,2026-09-24 09:08:04.568046
US_VANGUARD_VYM_CLASS,US_VANGUARD_VYM,VYM,,,S000014011,C000038295,,USD,QUARTERLY,False,True,2026-09-24 09:08:04.568999
US_VANGUARD_VNQ_CLASS,US_VANGUARD_VNQ,VNQ,,,S000002924,C000032424,,USD,QUARTERLY,False,True,2026-09-24 09:08:04.570096
US_VANGUARD_VB_CLASS,US_VANGUARD_VB,VB,,,S000002845,C000007798,,USD,QUARTERLY,False,True,2026-09-24 09:08:04.571205
US_VANGUARD_VO_CLASS,US_VANGUARD_VO,VO,,,S000002844,C000007794,,USD,QUARTERLY,False,True,2026-09-24 09:08:04.572497
US_VANGUARD_VEA_CLASS,US_VANGUARD_VEA,VEA,,,S000004386,C000051262,,USD,QUARTERLY,False,True,2026-09-24 09:08:04.573799
US_VANGUARD_VWO_CLASS,US_VANGUARD_VWO,VWO,,,S000005786,C000015902,,USD,QUARTERLY,False,True,2026-09-24 09:08:04.575090
US_VANGUARD_VT_CLASS,US_VANGUARD_VT,VT,,,S000022482,C000065038,,USD,QUARTERLY,False,True,2026-09-24 09:08:04.576238
US_VANGUARD_VIG_CLASS,US_VANGUARD_VIG,VIG,,,S000011322,C000031350,,USD,QUARTERLY,False,True,2026-09-24 09:08:04.577284
US_VANGUARD_VTEB_CLASS,US_VANGUARD_VTEB,VTEB,,,S000048568,C000153132,,USD,MONTHLY,True,True,2026-09-24 09:08:04.578492
US_VANGUARD_BSV_CLASS,US_VANGUARD_BSV,BSV,,,S000002563,C000046843,,USD,MONTHLY,True,True,2026-09-24 09:08:04.579554
US_VANGUARD_BIV_CLASS,US_VANGUARD_BIV,BIV,,,S000002561,C000046841,,USD,MONTHLY,True,True,2026-09-24 09:08:04.580504
US_VANGUARD_BLV_CLASS,US_VANGUARD_BLV,BLV,,,S000002562,C000046842,,USD,MONTHLY,True,True,2026-09-24 09:08:04.581431
US_VANGUARD_VFIAX_CLASS,US_VANGUARD_VFIAX,VFIAX,,,S000002839,C000007774,,USD,QUARTERLY,False,False,2026-09-24 09:08:04.582355
US_VANGUARD_VTSAX_CLASS,US_VANGUARD_VTSAX,VTSAX,,,S000002848,C000007806,,USD,QUARTERLY,False,False,2026-09-24 09:08:04.583175
US_VANGUARD_VBTLX_CLASS,US_VANGUARD_VBTLX,VBTLX,,,S000002564,C000007063,,USD,MONTHLY,True,False,2026-09-24 09:08:04.583965
US_VANGUARD_VTIAX_CLASS,US_VANGUARD_VTIAX,VTIAX,,,S000002932,C000094037,,USD,QUARTERLY,False,False,2026-09-24 09:08:04.584830
US_VANGUARD_VWEAX_CLASS,US_VANGUARD_VWEAX,VWEAX,,,S000002584,C000007093,,USD,MONTHLY,True,False,2026-09-24 09:08:04.585647
US_ISHARES_IVV_CLASS,US_ISHARES_IVV,IVV,,,S000004310,C000012040,,USD,QUARTERLY,False,True,2026-09-24 09:08:04.586478
US_ISHARES_AGG_CLASS,US_ISHARES_AGG,AGG,,,S000004362,C000012092,,USD,MONTHLY,True,True,2026-09-24 09:08:04.587395
US_ISHARES_IWM_CLASS,US_ISHARES_IWM,IWM,,,S000004344,C000012074,,USD,QUARTERLY,False,True,2026-09-24 09:08:04.588217
US_ISHARES_HYG_CLASS,US_ISHARES_HYG,HYG,,,S000016772,C000046846,,USD,MONTHLY,True,True,2026-09-24 09:08:04.589015
US_ISHARES_LQD_CLASS,US_ISHARES_LQD,LQD,,,S000004361,C000012091,,USD,MONTHLY,True,True,2026-09-24 09:08:04.589881
US_ISHARES_TIP_CLASS,US_ISHARES_TIP,TIP,,,S000004363,C000012093,,USD,MONTHLY,True,True,2026-09-24 09:08:04.590707
US_ISHARES_MBB_CLASS,US_ISHARES_MBB,MBB,,,S000013702,C000037544,,USD,MONTHLY,True,True,2026-09-24 09:08:04.591523
US_ISHARES_SHY_CLASS,US_ISHARES_SHY,SHY,,,S000004357,C000012087,,USD,MONTHLY,True,True,2026-09-24 09:08:04.592365
US_ISHARES_IEF_CLASS,US_ISHARES_IEF,IEF,,,S000004358,C000012088,,USD,MONTHLY,True,True,2026-09-24 09:08:04.593195
US_ISHARES_TLT_CLASS,US_ISHARES_TLT,TLT,,,S000004360,C000012090,,USD,MONTHLY,True,True,2026-09-24 09:08:04.594054
US_ISHARES_HDV_CLASS,US_ISHARES_HDV,HDV,,,S000031844,C000099165,,USD,QUARTERLY,False,True,2026-09-24 09:08:04.594908
US_ISHARES_IEMG_CLASS,US_ISHARES_IEMG,IEMG,,,S000038923,C000119708,,USD,SEMI_ANNUAL,False,True,2026-09-24 09:08:04.595730
US_ISHARES_IEFA_CLASS,US_ISHARES_IEFA,IEFA,,,S000038930,C000119715,,USD,SEMI_ANNUAL,False,True,2026-09-24 09:08:04.596530
US_ISHARES_USHY_CLASS,US_ISHARES_USHY,USHY,,,S000059297,C000194633,,USD,MONTHLY,True,True,2026-09-24 09:08:04.597543
US_FIDELITY_FXAIX_CLASS,US_FIDELITY_FXAIX,FXAIX,,,S000006027,C000100045,,USD,SEMI_ANNUAL,False,False,2026-09-24 09:08:04.598512
US_FIDELITY_FSKAX_CLASS,US_FIDELITY_FSKAX,FSKAX,,,S000006026,C000103359,,USD,SEMI_ANNUAL,False,False,2026-09-24 09:08:04.599591
US_FIDELITY_FXNAX_CLASS,US_FIDELITY_FXNAX,FXNAX,,,S000017676,C000100043,,USD,MONTHLY,True,False,2026-09-24 09:08:04.600550
US_FIDELITY_FTBFX_CLASS,US_FIDELITY_FTBFX,FTBFX,,,S000007066,C000019272,,USD,MONTHLY,True,False,2026-09-24 09:08:04.601455
US_FIDELITY_FZROX_CLASS,US_FIDELITY_FZROX,FZROX,,,S000063106,C000204614,,USD,ANNUAL,False,False,2026-09-24 09:08:04.602444
US_FIDELITY_FNCMX_CLASS,US_FIDELITY_FNCMX,FNCMX,,,S000055366,C000174185,,USD,ANNUAL,False,False,2026-09-24 09:08:04.603547
US_FIDELITY_FBALX_CLASS,US_FIDELITY_FBALX,FBALX,,,S000007151,C000019555,,USD,SEMI_ANNUAL,False,False,2026-09-24 09:08:04.604452
US_FIDELITY_FDVV_CLASS,US_FIDELITY_FDVV,FDVV,,,S000054749,C000171930,,USD,QUARTERLY,False,True,2026-09-24 09:08:04.605250
US_FIDELITY_ONEQ_CLASS,US_FIDELITY_ONEQ,ONEQ,,,S000006011,C000016527,,USD,QUARTERLY,False,True,2026-09-24 09:08:04.606125
US_SPDR_SPTM_CLASS,US_SPDR_SPTM,SPTM,,,S000006973,C000019026,,USD,QUARTERLY,False,True,2026-09-24 09:08:04.607043
US_SPDR_SPYD_CLASS,US_SPDR_SPYD,SPYD,,,S000050968,C000160602,,USD,QUARTERLY,False,True,2026-09-24 09:08:04.607927
US_SPDR_SPAB_CLASS,US_SPDR_SPAB,SPAB,,,S000017334,C000047971,,USD,MONTHLY,True,True,2026-09-24 09:08:04.608749
US_SPDR_JNK_CLASS,US_SPDR_JNK,JNK,,,S000019669,C000055013,,USD,MONTHLY,True,True,2026-09-24 09:08:04.609544
US_SPDR_SJNK_CLASS,US_SPDR_SJNK,SJNK,,,S000036414,C000111386,,USD,MONTHLY,True,True,2026-09-24 09:08:04.610416
US_SPDR_XLF_CLASS,US_SPDR_XLF,XLF,,,S000006411,C000017597,,USD,QUARTERLY,False,True,2026-09-24 09:08:04.611246
US_SPDR_XLE_CLASS,US_SPDR_XLE,XLE,,,S000006410,C000017596,,USD,QUARTERLY,False,True,2026-09-24 09:08:04.612050
US_SCHWAB_SCHD_CLASS,US_SCHWAB_SCHD,SCHD,,,S000034163,C000105320,,USD,QUARTERLY,False,True,2026-09-24 09:08:04.612885
US_SCHWAB_SCHX_CLASS,US_SCHWAB_SCHX,SCHX,,,S000026632,C000079979,,USD,QUARTERLY,False,True,2026-09-24 09:08:04.613778
US_SCHWAB_SCHZ_CLASS,US_SCHWAB_SCHZ,SCHZ,,,S000033156,C000102078,,USD,MONTHLY,True,True,2026-09-24 09:08:04.614600
US_SCHWAB_SWPPX_CLASS,US_SCHWAB_SWPPX,SWPPX,,,S000005911,C000016166,,USD,ANNUAL,False,False,2026-09-24 09:08:04.615459
US_SCHWAB_SWAGX_CLASS,US_SCHWAB_SWAGX,SWAGX,,,S000056207,C000176960,,USD,MONTHLY,True,False,2026-09-24 09:08:04.616242
US_INVESCO_QQQ_CLASS,US_INVESCO_QQQ,QQQ,,,S000101292,C000271435,,USD,QUARTERLY,False,True,2026-09-24 09:08:04.617015
US_INVESCO_RSP_CLASS,US_INVESCO_RSP,RSP,,,S000060812,C000197628,,USD,QUARTERLY,False,True,2026-09-24 09:08:04.617869
US_INVESCO_BKLN_CLASS,US_INVESCO_BKLN,BKLN,,,S000031053,C000096299,,USD,MONTHLY,True,True,2026-09-24 09:08:04.618700
US_PIMCO_BOND_CLASS,US_PIMCO_BOND,BOND,,,S000033233,C000102215,,USD,MONTHLY,True,True,2026-09-24 09:08:04.619488
US_PIMCO_MINT_CLASS,US_PIMCO_MINT,MINT,,,S000026751,C000080241,,USD,MONTHLY,True,True,2026-09-24 09:08:04.620301
CA_BMO_ZCN_CLASS,CA_BMO_ZCN,ZCN,,,,,,CAD,QUARTERLY,False,True,2026-09-24 09:08:04.621144
CA_BMO_ZAG_CLASS,CA_BMO_ZAG,ZAG,,,,,,CAD,MONTHLY,True,True,2026-09-24 09:08:04.621992
CA_BMO_ZEB_CLASS,CA_BMO_ZEB,ZEB,,,,,,CAD,MONTHLY,True,True,2026-09-24 09:08:04.622837
CA_BMO_ZWB_CLASS,CA_BMO_ZWB,ZWB,,,,,,CAD,MONTHLY,True,True,2026-09-24 09:08:04.623639
CA_BMO_ZUT_CLASS,CA_BMO_ZUT,ZUT,,,,,,CAD,MONTHLY,True,True,2026-09-24 09:08:04.624480
CA_BMO_ZDV_CLASS,CA_BMO_ZDV,ZDV,,,,,,CAD,MONTHLY,True,True,2026-09-24 09:08:04.625262
CA_BMO_ZDB_CLASS,CA_BMO_ZDB,ZDB,,,,,,CAD,MONTHLY,True,True,2026-09-24 09:08:04.626074
CA_BMO_ZPR_CLASS,CA_BMO_ZPR,ZPR,,,,,,CAD,MONTHLY,True,True,2026-09-24 09:08:04.626969
CA_VANGUARD_VCN_CLASS,CA_VANGUARD_VCN,VCN,,,,,,CAD,QUARTERLY,False,True,2026-09-24 09:08:04.628111
CA_VANGUARD_VAB_CLASS,CA_VANGUARD_VAB,VAB,,,,,,CAD,MONTHLY,True,True,2026-09-24 09:08:04.629287
CA_VANGUARD_VDY_CLASS,CA_VANGUARD_VDY,VDY,,,,,,CAD,MONTHLY,True,True,2026-09-24 09:08:04.630418
CA_VANGUARD_VFV_CLASS,CA_VANGUARD_VFV,VFV,,,,,,CAD,QUARTERLY,False,True,2026-09-24 09:08:04.631392
CA_VANGUARD_VSB_CLASS,CA_VANGUARD_VSB,VSB,,,,,,CAD,MONTHLY,True,True,2026-09-24 09:08:04.632289
CA_VANGUARD_VBAL_CLASS,CA_VANGUARD_VBAL,VBAL,,,,,,CAD,QUARTERLY,False,True,2026-09-24 09:08:04.633186
CA_VANGUARD_VGRO_CLASS,CA_VANGUARD_VGRO,VGRO,,,,,,CAD,QUARTERLY,False,True,2026-09-24 09:08:04.634199
CA_ISHARES_XIC_CLASS,CA_ISHARES_XIC,XIC,,,,,,CAD,QUARTERLY,False,True,2026-09-24 09:08:04.635140
CA_ISHARES_XBB_CLASS,CA_ISHARES_XBB,XBB,,,,,,CAD,MONTHLY,True,True,2026-09-24 09:08:04.636029
CA_ISHARES_XEI_CLASS,CA_ISHARES_XEI,XEI,,,,,,CAD,MONTHLY,True,True,2026-09-24 09:08:04.636967
CA_ISHARES_XDV_CLASS,CA_ISHARES_XDV,XDV,,,,,,CAD,MONTHLY,True,True,2026-09-24 09:08:04.637965
CA_ISHARES_XUT_CLASS,CA_ISHARES_XUT,XUT,,,,,,CAD,MONTHLY,True,True,2026-09-24 09:08:04.638892
CA_ISHARES_XSB_CLASS,CA_ISHARES_XSB,XSB,,,,,,CAD,MONTHLY,True,True,2026-09-24 09:08:04.639796
CA_ISHARES_XSH_CLASS,CA_ISHARES_XSH,XSH,,,,,,CAD,MONTHLY,True,True,2026-09-24 09:08:04.640797
CA_ISHARES_XHY_CLASS,CA_ISHARES_XHY,XHY,,,,,,CAD,MONTHLY,True,True,2026-09-24 09:08:04.641704
CA_RBC_RBN_CLASS,CA_RBC_RBN,RBN,,,,,,CAD,MONTHLY,True,True,2026-09-24 09:08:04.642605
CA_RBC_RCD_CLASS,CA_RBC_RCD,RCD,,,,,,CAD,MONTHLY,True,True,2026-09-24 09:08:04.643476
CA_RBC_RUSB_CLASS,CA_RBC_RUSB,RUSB,,,,,,CAD,MONTHLY,True,True,2026-09-24 09:08:04.644265
CA_RBC_RBF556_CLASS,CA_RBC_RBF556,,,,,,RBF556,CAD,MONTHLY,True,False,2026-09-24 09:08:04.645460
CA_RBC_RBF266_CLASS,CA_RBC_RBF266,,,,,,RBF266,CAD,MONTHLY,True,False,2026-09-24 09:08:04.646717
CA_TD_TTP_CLASS,CA_TD_TTP,TTP,,,,,,CAD,QUARTERLY,False,True,2026-09-24 09:08:04.647838
CA_TD_TPU_CLASS,CA_TD_TPU,TPU,,,,,,CAD,QUARTERLY,False,True,2026-09-24 09:08:04.648945
CA_TD_TDB900_CLASS,CA_TD_TDB900,,,,,,TDB900,CAD,SEMI_ANNUAL,False,False,2026-09-24 09:08:04.649933
CA_TD_TDB902_CLASS,CA_TD_TDB902,,,,,,TDB902,CAD,SEMI_ANNUAL,False,False,2026-09-24 09:08:04.650953
CA_TD_TDB909_CLASS,CA_TD_TDB909,,,,,,TDB909,CAD,MONTHLY,True,False,2026-09-24 09:08:04.651898
CA_GLOBALX_HXT_CLASS,CA_GLOBALX_HXT,HXT,,,,,,CAD,ANNUAL,False,True,2026-09-24 09:08:04.652776
CA_GLOBALX_HBB_CLASS,CA_GLOBALX_HBB,HBB,,,,,,CAD,ANNUAL,False,True,2026-09-24 09:08:04.653641
CA_GLOBALX_HDIV_CLASS,CA_GLOBALX_HDIV,HDIV,,,,,,CAD,MONTHLY,True,True,2026-09-24 09:08:04.654538
CA_CI_FIE_CLASS,CA_CI_FIE,FIE,,,,,,CAD,MONTHLY,True,True,2026-09-24 09:08:04.655493
CA_CI_FIG_CLASS,CA_CI_FIG,FIG,,,,,,CAD,MONTHLY,True,True,2026-09-24 09:08:04.656308
CA_CI_CDZ_CLASS,CA_CI_CDZ,CDZ,,,,,,CAD,MONTHLY,True,True,2026-09-24 09:08:04.657108
CA_MACKENZIE_QBB_CLASS,CA_MACKENZIE_QBB,QBB,,,,,,CAD,MONTHLY,True,True,2026-09-24 09:08:04.657982
